w,age,a,z
4360.644817495454,22,0,-.58501023
5487.713272101806,37,0,-.83690774
3993.021711440599,37,.29910409,-1.1817392
7078.386221915153,25,.37491009,-.62735236
7900.887426265919,21,0,-.56195986
8912.417082398206,22,0,-.81978214
12091.50949512735,26,0,-.44392544
18193.28769259102,27,0,-.44360486
4406.27234924473,45,0,-.65824795
11531.56242813727,29,.48202726,-.82492298
6496.716375176613,22,0,-.67813659
17825.04317852143,22,.56442511,.026375229
30690.69372838926,23,.49850684,-.00022766922
5745.569504913806,34,.52536851,-.80888957
10920.76210862686,35,.41853976,-.45576367
11302.90701733883,36,.2307139,-.3593798
11647.80350014217,37,.21547031,-.32359374
3820.732214402533,25,0,-.72623652
7536.092705688004,34,1.401175,-.79045123
22408.44887314507,22,0,-.77058625
4060.433104340058,21,0,-.19875987
5580.858847159209,21,0,-.62123507
5580.858847159209,24,0,-.5442636
3397.142686847437,35,0,-.5305469
3638.789343964805,36,0,-.50826192
4000.83381255884,37,0,-.1939014
6887.674953223864,38,0,-.37192479
864.4672772321522,22,.28962836,-.82516205
1505.173289904964,40,0,-.59417206
2380.996815256854,40,14.494601,-.5884521
1383.018471641932,42,8.7671289,-.92789274
1852.800167130975,43,.26779294,-.90915906
2224.61780291759,44,.39138967,-.86580294
3182.645188231456,45,0,-1.0637161
6925.911599950417,22,0,-.54731888
3994.671307012106,21,.20022671,-.58541155
2848.692912036816,21,0,-.68564194
1748.074101850403,24,.39015371,-.25183564
4217.87990153537,27,.79513901,-.41409591
2618.286937901724,27,0,-.56428313
3460.600921821581,30,0,-.29068995
1986.32759553411,40,1.6899794,.40559661
1405.54257907432,41,0,-.44790089
4062.254121087431,42,0,-.63569337
1705.172067480487,33,0,-1.5568943
1180.446884347059,34,0,-.50150371
3304.142027032729,23,0,-.85325205
6401.883912594142,24,0,-.77689606
9524.957417201898,26,1.7468339,.09657377
2798.056468827401,38,0,-.91926366
4166.295144209734,39,0,-.79657054
4222.576377227439,40,0,-1.0605863
4727.962149156599,41,0,-.96550196
2871.994802445727,21,0,-.30349523
11815.26899745257,25,0,-.48236063
3203.920902281026,33,8.0865221,-.74812603
2566.006393545299,27,0,-.37329626
3806.797904272522,32,0,-.69979429
3763.06636545393,44,0,-.68378997
5458.960175059669,45,0,-.54655153
9959.636304009009,38,0,-.37109601
10888.22267787704,39,.57678479,-.26911587
1068.639129522759,41,0,.1022309
1710.831463779598,42,.48285124,-.37303278
2284.73302542792,43,.27191281,.16502054
1489.272388927688,32,.32032153,-.36959022
2097.271618017106,33,0,-.3822017
2416.122025094493,34,0,-.42869639
1898.59429518697,27,0,-.82861835
1294.949969306587,33,0,-.78322017
2068.328076859593,34,.76877171,-.80820507
2664.290047310184,35,0,-.018141486
2413.121842482893,36,1.8621908,-.58582151
1324.82070380809,42,0,-.74573451
2012.923088905832,44,0,-.33847111
1383.018471641932,43,.42846867,-1.0452102
2152.80618146292,44,10.811831,.31103098
2224.61780291759,45,3.7079022,-.86058742
2971.796607255971,45,3.8141954,-1.0484439
2907.244681535743,23,0,-.75096524
5134.784298735974,25,0,-.70092636
2642.277626109731,25,.22865397,-.54811072
3839.373878341688,26,1.7291183,-.5583083
2752.82668647017,27,5.7122293,-.12950683
6242.897657681934,28,1.4419619,-.29220474
2751.044957283702,25,0,-.6904636
2700.65771535359,23,.78277934,-.12324711
1752.121068231378,22,2.0681853,-.23679183
3561.764490908201,45,0,-.32845035
7086.395193819254,36,.26820493,-.86583066
18970.22038282193,21,0,-.76347131
4462.169031184009,44,0,-.714302
5837.689512016903,45,0,-.64968628
4753.310151599825,22,0,-.78844374
5287.773770085317,21,0,-.76070982
2245.936053833069,22,0,-.60492724
2940.567712865019,24,0,-.57707822
1613.999265458214,22,0,-.12387725
5094.567861881155,45,1.7962725,-.38306186
9060.959803716338,24,0,-.63952887
13698.52452616702,22,0,-.68481165
18043.48163647782,23,0,-.59059542
4440.064361084861,21,.51127851,-.33885175
8464.785246375157,23,1.0612016,-.33102641
2928.063783155661,34,0,-.79740298
5418.480410401956,36,1.4460819,-.8550632
2337.509336231957,27,2.9045234,-.68391329
3717.965699603652,28,2.426616,-.59081894
5903.106269932817,29,3.1517167,-.72982252
6837.950557431302,30,4.9232702,-.69628263
16456.29404307805,30,.46348777,-.26078355
7067.487451841735,21,0,-.8520506
4069.580536037665,25,.27520874,-.58326703
9447.120577344516,28,.97353029,-.48722306
1746.296219605655,33,2.8180056,.12701932
1717.725361254392,34,0,-.81534821
4495.423758220605,31,0,-.71047735
5832.048179795303,32,0,-.69911283
5797.03476467024,24,0,-.15198043
2512.263563232554,21,0,-.69743198
7406.362785630746,35,0,-.096326068
5127.916063707451,21,.492327,-.78102916
4269.091219958974,39,.56854498,.32673389
4817.916838103809,40,.3596665,-.27932259
5158.553305412789,35,0,-.39350381
6404.452366179244,21,0,-.68447852
1183.476763100587,32,0,-.93911332
2666.722133477063,34,0,-.82118249
2755.638184418847,35,0,-.77840352
4496.087741094077,26,0,-.67779046
8013.060814701021,22,0,-.55859667
3409.461987491133,43,0,-.69178754
4575.952984763211,44,0,-.67962027
5741.165328141949,45,0,-.72699445
3520.437317147843,27,0,-1.0771102
3712.993966445325,21,0,-.90164912
3713.630490329012,22,0,-.95717466
12156.49488831908,25,0,-.79747856
9918.566852907506,21,0,-1.1383588
2002.596037551732,41,0,-.7997148
1276.690800556823,24,0,-.81880426
5182.266471477123,21,0,-.83870608
7484.997708095357,23,0,-.50514525
1497.210997771971,23,0,-.5169912
2546.676237024314,24,2.5353811,-.55740523
1199.409992527781,23,0,-.72418112
4352.857709957344,28,0,-.70596719
3526.511158660245,30,0,-.96769226
2366.893088650457,37,2.5502126,-.58865076
2492.809219547722,40,0,-.70855099
4234.649868837476,40,0,-.66049922
4510.217239137172,26,8.798028,-.48318446
0,23,3.2308187,-.88427323
2397.020476009333,37,1.4967564,-.11049037
4479.990675063571,27,.58461255,-.92916512
1509.862741003258,29,0,-1.0443249
1229.621376705001,25,0,-.4141202
7884.076203839381,28,0,-.38512182
6733.144970086182,22,0,-.38852173
5424.09789881206,24,0,-.65865296
5122.743148303957,26,.70038152,-1.039835
2790.410091925034,21,0,-.88343102
2337.948747751414,22,0,-.74908847
3527.159124542797,24,0,-.73132765
2067.5315869433,37,0,-.78900528
2966.719374127285,38,0,-.97924489
2857.422233869794,39,0,-.77025062
3570.544549670008,40,0,-.8216728
1948.155832377019,34,.73746055,-.67467374
5658.773419702759,24,0,-.29085591
3316.760455327671,23,1.0505723,-.42237142
4205.05430075916,24,.53661585,-.28159815
4643.689823543534,32,0,-.59959781
6420.704235080669,33,.4095172,-.65770596
7796.743014029825,37,.33947903,-.027933946
10718.72507402227,38,1.2153679,-.048988633
1798.1797521817,40,0,-.048965931
2751.798557729752,41,0,-.19390871
3201.425394165626,21,0,-.62299907
5284.648925074356,27,0,-.53265464
4515.563848459728,21,.54794556,-.45995519
2543.927364572061,26,0,-.80907029
3757.270781170457,30,.66280812,-.94993848
2311.516177340616,27,0,-.97135091
2872.820777715884,36,2.3079631,.12631956
4855.450827710484,37,1.7241745,-.27502832
6104.154430850499,38,3.1249375,.07756573
10014.67480011803,39,2.8110018,-.22587131
10349.02401664029,36,.21423434,-.048204858
11797.48445797266,37,1.8621908,-.6727131
18775.70371273186,38,.41198912,.012529266
7660.723022785216,21,.74512351,-.485616
10589.35181449232,22,.68390197,-.26957622
16193.92815182237,24,1.1257603,-.52162033
3449.57130480466,22,2.1688344,-.90320605
1345.803955195984,37,0,-.39286917
5755.49331710449,26,.227006,-.68584663
5292.36815783042,23,0,-.77407515
4225.304512449847,26,0,-.8783223
4121.242520164006,26,0,-.98122996
14583.35488674125,41,.48037931,-.35079345
4683.527888729772,45,0,-.045043238
2242.104189233477,34,0,-.28017348
5210.489297411245,43,13.935532,-.18432671
6562.218840732691,21,.22371009,-.82259929
3167.802236056834,22,.85879135,-.63337415
13321.00826446595,22,0,-.76500756
15445.99685934859,23,0,-.95822304
6733.270885763785,32,0,-.96598369
3426.138337461193,26,.53970575,-.57372946
4569.119250371114,31,0,-.34196064
4261.437945528803,32,8.0502672,-.24268498
3104.847833495267,42,4.2187686,-.47003889
2775.054878845498,43,3.0219815,-.51307589
5223.475021928383,44,5.4568372,-.62315953
5584.027421677267,45,3.3618724,-.88954955
3533.358794565859,38,2.1399539,-.305695
5861.535905972105,21,0,-.24922884
3907.735330256481,23,0,-.52111173
4503.534983116805,23,1.1618093,-.74413443
1974.971688224498,29,.36749429,-.40383232
3094.314144721929,36,2.3714094,-.4404076
8106.725385353209,23,.37655807,-.67872131
6906.033264744307,26,0,-.47793606
14954.78350893222,26,.55577332,-.80775315
8141.403639056606,23,0,-.73405981
6188.643640574985,24,.24121962,-.64211202
2297.419155156201,29,1.6479565,-.72418988
10906.01509222047,21,0,-1.3132272
5911.05741595904,22,5.5680332,-.46229753
5745.678391147467,25,0,-.73110849
14813.91525945591,27,.24958301,-1.0650829
4199.565156803551,40,0,-.74458534
4230.550238835366,41,0,-1.0755626
4496.869932929896,36,0,-.52960581
6219.453167826082,37,0,-1.2832713
7864.719097140981,25,0,-.80543679
15578.64598909288,26,0,-1.0457754
5360.677572477401,38,2.1155641,-.46563703
7716.174574253079,24,0,-.85013688
14810.11682013542,24,.63034338,-.11726835
7754.080534016462,31,7.0038152,-1.0697826
5866.073229895333,33,0,-.91583681
6631.411726249105,34,0,-.91734064
13918.54424915957,22,.82397825,-.2725181
12768.22793630619,28,.32229909,-.61868829
17817.89726821487,29,4.2272558,-.91149825
22510.22840255426,31,1.8621908,.06649252
5067.979523015512,43,.2726132,-.36929631
5983.169025393124,44,0,-.72988582
8436.554700039916,21,0,-.7240693
12240.10691707466,42,9.0925999,-1.1037626
28548.47941331188,44,4.9459295,-.15017635
15493.52886392835,24,.30837387,-.55424863
2001.52777885249,27,0,-1.0774499
19433.94790615544,31,0,-1.4074267
10147.72845156691,30,0,-.413616
10608.95600441322,39,0,-.83295137
15694.85612387737,33,0,-1.0126991
8987.772147796773,36,1.2359674,-.24968807
4203.473413186494,28,.22659402,-.66537791
14899.44834909459,21,0,-.77740622
8197.522076501424,24,0,-1.0094649
1686.722236920541,43,0,-1.1309235
2255.721125241913,44,0,-.75832754
2128.040292796649,25,0,-1.2183987
2652.181463920445,26,0,-.76482165
4517.593923268724,28,0,-.7292338
9481.577365870207,45,.33618313,-.70369232
10836.79397122187,38,.51292646,-.15618388
10688.30344090877,39,1.8786705,-.78943187
7796.033989594099,22,0,-.68659335
11421.0283485014,23,.43258858,-.89910883
3032.57980372316,40,0,-.21762338
2731.933461295022,37,8.5430069,-.57586104
2641.111058103979,22,0,-.86074716
4747.540415156768,23,0,-1.3798118
4949.579080727347,22,0,-.80020624
9796.081734685322,29,0,.086414844
11039.88909958509,28,.57678479,.030211035
3610.294703026034,37,0,-.74257457
4593.997654076017,37,0,-.73755169
12449.21721343192,39,0,-.59730333
6541.723976510689,25,0,-.76004946
9284.021771524727,26,0,-.94574249
2495.831423832128,27,0,-1.6139485
3203.202399513222,28,0,-.74393362
6465.617339846732,29,0,-.60912585
6836.775953711935,27,.82397825,-.61995518
3197.953297990579,33,0,-.67701834
5602.915218373832,33,0,-.48784268
5141.123432625983,21,0,-.57733995
1463.024167029713,21,.59326434,-.79191118
2497.196661018299,40,0,-.51666075
4471.113334514755,41,0,-.70405436
846.2952471330354,39,0,-.030804988
3615.442331528524,23,0,-1.1088493
2999.588242528218,27,0,-1.0494982
3915.89082283106,28,0,-.78828919
6973.212683163788,23,0,-.48213881
4258.694528753925,21,0,-.92046118
3348.674197063674,25,.23854171,-.36104926
3730.783785344824,21,0,-.91319263
11873.24256070895,23,.51581037,-.66578096
2765.953052745823,37,0,-.61897188
2305.29274458836,39,0,-.90742362
7606.035085947805,22,0,-.73430806
3420.919187200776,33,.47378749,-1.2545412
2495.831423832128,29,.44762617,-.66468865
5326.724727674694,31,.24855304,-.77351558
4789.806689946005,32,3.1673725,-.44733745
2357.569594041901,32,0,-1.0904821
4036.14329562091,23,.81573844,-.46892747
5898.012479606987,44,0,-.84264696
9021.052499819614,45,0,-.88357413
9561.538474129013,28,0,-.83033872
5045.73792768473,34,0,-.63652641
5162.556730192123,35,0,-.93463558
3565.861903824731,27,0,-.54726595
2420.324529672301,34,0,-.62468016
2067.042123741986,45,.44494826,-.47537562
6428.856763269819,23,.29786813,-.21572797
1665.425282483993,25,0,-.34806326
2533.688642060452,33,0,-.68272614
6853.617285840657,25,.57060492,-.94391578
4768.039070897344,23,0,-1.0682218
4598.817181539692,22,0,-1.0245036
3094.566159648872,37,0,-.80736935
2629.338737983605,35,.50386268,-.78768653
3386.852212658321,36,.23524579,-.72409958
4463.128724621968,37,.26820493,-.46473631
5166.73346254487,38,.2723248,-.74230111
8474.018243389148,23,0,-.84403294
4812.074921345476,45,0,-.66485572
2514.482750930286,45,2.1779804,-.9808718
5864.260223158035,45,0,-.63002127
2647.256507489548,22,.25337332,-.88106447
3776.765296615808,23,.20228666,-.93260676
4995.058507530818,25,0,-.66110146
3229.38458899127,21,0,-.31487566
6073.357314366755,23,.47893736,-.6176554
3558.18235468569,24,1.4431978,-.43134275
2103.13224106746,29,0,-.22578888
2864.098087874565,30,.36914226,-.32056811
3778.081398496333,41,5.1828232,-.38664249
4521.523460554508,23,3.8747578,-1.0361084
2156.893327943491,34,0,-.62448871
2794.334843482877,35,.27294278,-.18596369
5908.898733296294,22,.4095172,-.4510887
3146.244494962078,22,.24719347,-.72758472
5155.588726548242,24,.23359783,-.47895566
3046.337613621752,32,.29292426,-.54934263
5002.441555066981,21,0,-.91635716
4257.659049752301,24,0,-.80017155
5760.940169355953,25,0,-.94902092
19997.08305900736,27,0,-.58630389
17745.90096637006,21,0,-.58257473
4885.507510735546,23,0,-.7333616
4607.06920381512,24,1.0143173,-.56915861
2432.971545115066,41,2.2659402,-.83472663
3162.714882035545,42,.86517715,-.74086082
3302.97662316935,42,3.9429007,-.51545829
5906.121843187531,43,0,-.32268646
4546.748431249055,43,0,-.98612416
13298.25336073773,39,0,-.39542404
7399.10009445987,21,0,-.6500566
2123.184553902875,24,0,-.46057028
2935.462315442437,25,0,-.38713863
4337.353837819502,26,0,-.81655729
2100.204851641576,32,0,-.52022171
4260.516802342358,34,0,-.70192158
3446.499682821739,31,0,-1.0160383
2317.80917264891,34,.39118367,-.3008157
4705.150781398127,26,0,-.92779958
3053.013572964942,26,.25584525,-.42399564
4217.17472028393,27,0,-.31786594
4546.748431249054,44,9.4186897,-.48458731
6269.269821869372,45,3.1881778,-.63181937
4879.116477009427,22,0,-.1563241
6648.340511381978,21,0,-.84150136
3002.819650647123,31,0,-.63028777
4061.009219026665,22,0,-.47707728
4368.359379809186,21,0,-.759004
4796.973178236062,22,0,-1.5987428
3591.141382152564,21,0,-.61884266
5578.350690070968,23,0,-.41269532
8017.981834799586,25,4.6620688,-.023283314
2911.259524836005,22,.25914115,-.61785132
3199.203075668188,22,0,-.67243916
2796.534345122418,38,0,-.68319136
13170.62609931273,31,0,-.29078752
3887.590840916551,35,0,.010971386
5884.394571566018,37,0,-1.1102571
3537.788253759765,28,.2010507,-.84138393
4464.601863561716,29,0,-.56462187
6532.692469901057,31,0,-.56997025
8863.370137334481,31,0,-.4713968
6603.861619629161,27,1.3472044,.095004238
5101.208562248973,23,0,-.82244247
7772.615280840247,42,.24381517,-1.2118685
6687.611544744398,22,0,-.6291526
8231.757923578625,28,0,-.58954233
4117.821996997503,44,.2047586,.0077112918
3178.987467419101,37,0,-1.1098973
3320.411565270946,37,0,-.57183123
6169.644347657818,38,0,-.25873789
10586.03363580124,39,0,-.8820852
4304.736605093778,33,0,-.87931156
6365.013829198292,34,0,-.92149353
8110.548066153373,35,0,-.90119463
7648.724891885481,36,0,-.99664021
4302.918359225574,21,0,-.73122579
3468.251593851263,24,.26058313,.11907423
6821.059877814639,38,0,-.43790701
8216.060753774889,39,0,-.71484768
3857.389374273851,28,0,-.69865549
6552.766028122241,40,.35719457,-.60057342
3572.159758784979,22,0,-.54312313
5922.746306473669,23,0,-.59418952
2697.524338117458,37,0,-.68190014
3451.371195528334,38,0,-.80728132
3318.517350438502,35,0,-.62544674
5096.761997022651,35,.92829388,-.85093766
5883.104689285455,36,.69650882,-.91203779
6640.219181488232,37,.80869347,-.74136645
3976.133374731693,30,1.2442071,-.38151512
5047.456694364038,37,0,-.59486252
2600.593177117832,33,0,-.68190527
6600.460775664446,35,0,-1.162291
3867.016868039587,22,0,-.61785132
2021.142907011904,34,.20599456,-.62097895
2295.187545479205,35,0,-.58215958
6589.908078048112,26,0,-.34499773
9255.918916703124,22,0,-.9571445
2881.888061309984,33,0,-.4379549
3038.895094260787,32,3.4174497,-.22243844
5909.232496565694,34,0,-.45416915
6271.077652236615,35,3.5513463,-.66234392
4885.507510735545,23,0,-.597278
10297.09479820608,22,.38483903,-.48895499
11544.30180270402,23,0,-.45781028
11368.66969735603,24,0,-.31206
3778.081398496333,42,5.1506882,-.47354859
3714.505592945667,27,1.8869102,-.7216199
5082.843529600877,28,0,-.62340808
5187.908034005497,21,0,-.72719449
5355.849442804096,30,0,-1.4556268
13613.40139240507,32,.45730793,.13674919
5605.32002829361,29,0,-.62582254
7537.056663421678,31,0,-.98040026
14537.57694305271,37,1.0316207,-.035166029
8310.63986576388,27,0,-1.0362803
3072.077887592195,35,.62210357,-.79753274
5889.823946527457,21,0,-.79294413
3793.824396774749,44,0,-.8637417
4871.469354054261,45,0,-1.0115426
3522.657951785637,27,0,-.85789698
5864.405631765557,28,.48738313,-.84254998
9619.451617459703,29,2.1818943,-.83925992
7185.454711608037,30,1.7114028,-.76935929
6471.830147873511,24,0,-.70711416
2707.499136898984,35,0,-.54909056
3579.28802559196,31,0,-.61549729
4588.005810378261,39,.50262672,-.2409336
2464.610942642106,36,0,-.48182923
11878.30250621434,22,1.0917711,.20470998
2758.983506954501,35,0,-.69254106
9210.987534380385,21,.86624831,-.3688156
3617.62763928741,24,0,-.55040574
6466.626179337046,25,0,-1.2034994
1966.51038291551,26,0,-.6578449
8441.833766839211,23,.303224,.19659518
3425.523810684339,22,0,-.80764639
7136.72180931898,34,0,-.39413181
5062.405458269452,35,0,-1.047105
3443.918114696097,32,0,-.78022206
3978.450896857632,37,0,-.446334
5977.797476607164,38,0,-1.2480553
4790.149547135938,40,.76835972,-.4606981
15940.20449879193,21,0,-1.5371581
14357.02713981157,22,0,-.80125415
7683.569435345067,34,0,-.25260347
6552.099054906002,22,0,-.71144158
7889.716366801891,24,.33865505,-.8689518
4805.730403241321,36,0,-.68940336
7101.293288883753,37,0,-.45486075
6863.197840131633,38,.29828012,-.6182307
8956.208891042303,39,.25131336,-.44149297
7714.293027877338,37,0,-.35359204
5610.410631627693,22,0,-.27948004
2585.937605700446,29,0,-.53478062
4675.304759486274,31,0,-.77618206
8495.718398077568,33,.22082616,-.6106016
7358.819085513113,26,6.7978206,-.75067294
8108.989631320711,27,1.7962725,-.70571357
9565.172379763711,30,6.4682703,-.50051606
13441.07308626273,26,.22659402,-.14382584
4114.670524492817,26,.23977767,-.60260141
5101.289863848785,27,.35183871,-.57065445
9090.206578841398,28,.44206432,-.46595666
4402.144448387811,22,0,-.73815405
2594.906707222427,27,.92285562,-.74523264
4651.789526610635,44,4.1915774,-.43931758
6470.347240343523,25,0,-.70137453
14816.04349166215,26,0,-.89636332
6741.812263487856,25,0,-.62522459
7148.577066367247,21,0,-.40243897
6325.606228436486,22,.21711826,-.41738278
7486.909649316855,40,.41075316,-.35833439
7682.873412971323,41,0,-.58490789
4169.967140279642,27,0,-.84569633
7160.742764361142,29,0,-.68906498
7995.760441472292,30,0,-.96346962
4635.085783494298,39,5.9062762,-.2754845
4361.878408730049,28,0,-.74538946
4562.497882026732,21,.22000219,-.70911658
5320.536377139236,40,1.4555576,-.60197651
6488.157413262899,41,4.0349393,-.71549219
6676.504317510898,42,1.4888463,-.56618845
7851.217219691952,43,1.8843559,-.35385591
7758.589641495507,23,.50715864,-.2899113
4740.556511481786,21,0,-.80212379
7992.769339672901,22,0,-1.0880402
2822.833263001466,40,0,-.10896273
4692.75580364076,41,0,-.55606937
5431.000048053274,30,0,-.51205194
5285.340923073853,35,1.2801327,-.9376089
6005.112065731835,25,0,-1.0212737
9045.898721374922,25,0,-.51389009
3952.719906659171,36,4.4016919,-.64028358
4791.315126589788,37,16.688032,-.43871328
5580.773453322513,38,0,.026431708
6145.420777496914,39,3.2201071,-.60165226
4065.692906892942,23,.55783325,-.94383991
22009.13701895149,28,.67998803,-.14682406
6300.214731840668,24,1.0629319,-.66946954
2674.731221181285,22,0,-.74908024
4402.144448387811,25,.28839239,-.96859401
7709.306128342359,27,0,-.69962519
8174.860533099633,40,0,-.84085339
4659.290707056531,43,0,-.027075015
6684.379460897071,23,0,-.83641654
2734.092140134298,32,0,-.5123508
3802.149704698245,45,0,-.6570974
2739.32641989507,39,0,-.62597501
3415.785690921849,40,.38562182,-.74432564
6497.843435910304,41,0,-.58008116
3323.459513494545,27,0,-.53893888
5812.279746933166,44,.24719347,-.94564754
2451.552800820486,45,9.7727938,-.54448646
2722.765744834885,39,0,-.42160609
5031.101283050607,40,0,-.5033654
4110.865171308356,41,0,-.68819666
3505.914948580945,32,0,-1.0399926
4086.929135988476,25,0,-.3518253
3088.258270162734,26,0,-.61584812
2391.306931064052,42,.46031544,-.87057722
3038.526976183995,43,.51292646,-.94362921
4037.759425231281,35,0,-.94192606
4671.547994786845,36,0,-.82983166
4134.860319527285,39,0,-.75168473
4630.98078963948,40,0,-.32964155
16630.20667719428,26,1.928109,-.7421391
9171.535210581917,41,.26367304,-1.2062206
7193.937234288104,29,0,.015005635
10717.43773627157,30,7.8697748,.12014609
4090.478857536193,32,0,.1605065
4448.595515908125,30,0,-.92154843
5540.639760079946,27,0,-.74770975
7390.98762633446,24,0,-.62816316
12130.45102344112,25,.53970575,-.42627457
1311.383671177369,24,.43258858,-.04175156
5784.757383159032,42,4.0222497,-.76167899
6867.321010742842,43,3.9534476,-.29178181
8953.923381631792,45,3.7561049,-.35539901
5202.044183344985,23,.43300056,-.49324617
7370.590783123301,35,0,.044001557
8083.638514930863,40,0,-.38657075
7259.438829143984,26,0,-1.3221408
10885.05502939288,27,.28839239,-.78672349
8608.555621300828,24,0,-.26729456
1531.718601096833,28,0,-.99575341
2087.605265393416,45,.36296242,-.80094409
1613.152248728706,28,0,-.7035439
2135.136591470334,29,0,-.51229638
2529.118624145945,26,0,-.84042609
3917.968621774678,26,2.345866,-.77784824
1344.129576182579,33,3.221755,-.52281666
2604.852819835647,34,6.5186977,-.50171053
11104.60487575724,29,0,-1.0047002
15456.81790213016,30,0,-.91670555
17096.6546382313,31,0,-.98404145
19946.42251636252,32,0,-.93009663
9129.950672738569,27,0,-.74790835
5885.066183107893,32,0,-.70107245
6913.499909509886,33,0,-.6647113
1456.36562920627,26,0,-.78857315
5176.000655053759,33,.72922075,-.20557092
5016.400860936074,34,1.4349581,-.032142453
7167.462774521208,36,0,-1.0427698
10133.86882206547,37,0,-.39465308
1416.34487812919,28,0,-.63927698
8714.824921995179,41,0,-.6046049
5861.692045433328,33,6.5765824,-.62321609
6887.209555462979,24,.28798041,-.46087328
4448.595515908125,29,.20764251,-.97931498
3578.606645628465,33,0,-.62626266
6185.055700528406,36,0,-.71835327
6927.273237658544,44,0,-.40255049
6898.850444165521,23,.77865946,-.70561427
4141.758045668416,21,0,-.86319029
1092.042659648102,36,0,.19755645
1342.149548836762,37,0,-.68569851
1658.816121378101,38,0,-.81507885
2189.781192385442,39,.88660061,-.69358766
16184.25983514585,44,0,-.79288697
1312.913470771804,27,0,-.98251742
1855.660534214095,28,1.3183652,-.92209095
1358.591162924571,36,0,-.71491098
2256.625809595567,32,0,-.85142928
3200.177588690056,33,0,-.7422601
12205.10199262831,29,2.4127319,-.29474047
4473.354695069419,34,.72909713,-.44055641
6195.322086130255,35,.87630087,-.41923243
7292.584231679778,28,1.0413026,-.053679164
8227.799106532446,21,.42064089,-.22396174
3822.839563321713,22,0,-.40808976
3448.417015443877,23,0,-.54130495
2319.026377687625,25,0,-.8302809
5186.48491252706,24,0,-.88820928
4372.869849478867,44,2.5757561,.1266827
4931.594097294383,23,0,-.70804757
5710.772434429785,24,0,-.030555364
8043.443311758228,25,.28839239,-.16037713
18228.99585041609,27,0,-.30420259
4198.736877949078,34,.73334062,-.74203074
3146.588011078555,35,4.9534278,-.48154622
4967.679338746952,22,0,-.5235725
4776.873794422715,45,1.6914625,-.19545645
6280.771488050078,26,0,-.14611501
6615.695215742978,27,.6179837,-.51223832
4449.307713840467,39,.23689374,-1.3046223
8037.900806019056,24,.33989102,.12998667
17737.45194882923,26,2.0409942,-.10545705
3274.242223656007,22,0,-.64027435
5076.723082119257,24,.26120111,-.59141868
5885.066183107893,33,0,-.54668945
6913.499909509886,34,.69729161,-.87433833
13598.45926726916,35,0,-.51750118
5181.042119709725,26,0,-.52044189
19650.30320995336,30,.62292755,-.34802702
7117.195637653008,27,0,-.92212617
5885.066183107891,32,0,.29211497
6012.998954326197,36,1.0392425,-.73447305
1075.518375925223,38,0,-.56054854
7656.816405780491,23,0,-1.0127122
12252.16058634564,24,0,-.89048243
16267.79362596833,25,0,-.95004225
3122.765038761341,21,0,-.65088904
1479.690658069744,27,0,-.95831555
3221.836018613823,28,0,-.97073621
6444.944660683796,23,0,-.69391543
11725.390409939,24,0,-.37936637
16728.37555956939,25,.26779294,-.24025202
2804.244818325556,24,0,-1.326395
6625.252039404483,21,0,-.82050055
7038.255327562999,22,0,-.86731195
1533.168245998431,31,0,-.80143338
3187.755104063886,32,0,-.77266198
2973.262487419318,33,.40992919,-.68123722
1719.184371202747,22,0,-.81726778
1844.01300531743,32,3.2992089,-.094694361
5066.574354866175,31,0,-.49486238
7264.238409821042,33,0,-.41355476
10369.98052877669,34,0,-.42758206
10767.16308101208,34,0,-.33006456
10074.64273281016,22,1.1206104,-.41176176
6316.583485481788,38,0,-1.0866075
2830.122069372727,31,0,-.90629375
1278.585132977039,31,.75600004,-1.0235602
2973.262487419317,34,.44288832,-.6507057
1297.695444482939,39,.81573844,-.61181229
10574.14438098545,35,0,-.69483173
1501.945686122568,31,0,-.65300357
1197.504731383768,36,0,-.43376994
1475.432079864459,37,0,-.97451341
6526.469995880473,25,.39262563,-.358446
3805.414816692444,30,.70709693,-.58337557
4870.295648882959,25,.46225178,.18760078
3118.26247392126,30,.44906813,-.1707629
4340.655857139224,31,0,-.12683323
4782.503976648363,21,0,-.63275921
6451.296828357064,22,0,-1.2203555
8179.631109659688,24,.33577114,-1.0086834
9292.92831826898,25,.74982017,-.66998971
5040.274405664652,32,0,-.94055438
5832.92277890481,25,.57060492,-.67008787
7060.071869325595,32,.6179837,-.64384538
10091.72852152384,33,0,-1.3040739
4842.239054047147,21,.492327,-.42193663
6563.759855113186,23,0,-.43481055
10155.432204398,24,0,-.38091502
1359.259479668563,25,0,-.21594921
1746.810131764392,26,0,-.69141823
9439.395831521686,21,.70244145,-.46923953
1155.069923307352,39,0,-.60373086
1882.18478615867,40,0,-1.040037
7475.482473112123,21,.40379053,-.37578586
5122.35331993315,22,.50056678,-.19461136
1629.428823987948,21,0,-.89108312
1136.943197027793,27,.77041966,-.35570484
4801.940729906881,25,.80749869,-.42912304
4122.489407859707,24,0,-.16989771
4480.801376719038,25,.25048938,-.0053504687
1414.086040396396,21,0,-.89675331
23412.71252761173,33,.454218,-.48247254
19662.31451735578,28,.73540056,-.35610881
2117.54917387509,37,0,-.57957846
3368.880368649919,38,0,-.73326457
11682.05394017385,24,0,-1.0357496
2267.924751486194,32,0,-.18831083
3181.487605946585,34,0,-.62241089
2925.052931131505,28,0,-.91823077
5597.299741088064,33,11.434758,.24266325
8050.053578365608,34,5.7900953,.15221789
9416.748993412724,35,8.5281744,-.3097046
10614.91607877723,36,7.4776025,-.14449184
4597.332029735869,26,0,-.59726197
5245.622417451182,25,0,-.61738688
7131.287688830686,34,.76259184,-.73279339
4765.33311975722,42,0,-1.0665752
1354.688717413849,35,.88165671,-.72755259
1644.278553503721,36,0,-.56692141
2125.429017452458,37,.32019794,-.54881173
3504.272468854179,38,1.6403347,-.6092788
5205.23386246819,26,.39056569,-.90018326
6458.590937764185,27,.53146595,-.79738796
1183.127457505186,26,0,-.89777809
1557.586549063644,22,0,-.11495122
5017.814661814275,26,.55041748,-.82209003
7937.634994471474,27,.34813082,-.37199122
8012.532488119018,23,.86517715,-.52282864
2739.73642788417,24,0,-.45724759
5131.989346081068,44,0,-.38223091
2635.185593373048,32,0,-.069116682
3960.667011564574,33,0,-.47594181
5723.626872101423,34,0,-1.0902148
10220.0925457689,25,0,-.63037735
10535.26612402325,26,0,-.36918348
8198.635132747961,28,0,-.70730942
7878.21822167695,22,0,-.1873796
1685.127527772574,23,.25172535,-.9582755
1309.992147500187,45,1.0767336,-.43926355
2807.751996798535,26,0,-1.3813567
3855.756223263052,27,0,-.91336828
7471.086324034998,24,0,-1.3862667
9086.965538032035,25,0,-.96019512
1533.168245998431,32,0,-1.3988968
2236.359652411618,34,0,-1.3048933
3858.128231518389,43,9.4790459,-.38207078
4333.594769479642,44,5.1453323,-.35799104
7064.613310994202,45,7.1096964,-.73837966
16982.2326788939,23,0,-.78465134
2635.185593373048,27,0,-1.2077606
3367.639673536514,28,0,-1.3101308
4358.297723244438,39,4.2430758,-.32249513
5593.005643376792,40,4.3889203,-.29370362
4632.079106238355,42,3.5342486,-.45734489
5289.513485632992,42,5.8617811,-.44598499
2207.328713606688,39,.37079021,-1.320361
2707.791783116023,40,0,-.75828654
4721.961144993892,42,.8404578,-1.4275056
9487.385100647196,22,.78277934,-.70044702
5812.55454184677,22,0,-.79208446
11870.15239247669,21,0,-.60710573
1244.008469717425,36,0,-.83881879
4999.213061609026,21,0,-.71185166
1920.277593559665,26,0,-1.1892966
4576.855274151534,32,0,-.84287864
5186.48491252706,23,0,-.0058342791
1204.733988412651,37,0,-.31517658
6969.914897156301,21,0,-.83838755
9075.276953293878,22,0,-.6895656
7255.554240663269,23,0,-.92200738
10373.54441980219,24,2.0599456,-.8179698
7255.554240663268,22,0,-.82777286
4584.442918123264,23,0,-.60831994
6653.201552949621,24,0,-.55521351
8444.615010564223,25,0,-.69485122
6128.306610867498,26,.49438694,-.64436281
1394.352599844861,31,0,-1.0235602
4229.559204657758,34,.94098318,-.80501664
3587.35224351022,35,0,-.37834373
6047.483761920987,37,.31146377,-.63784367
2761.690270955094,25,0,-.8918364
3843.493803249407,26,0,-.96558654
1797.261145407612,24,0,-.79734302
2745.845942304575,25,0,-.95790064
4336.022404953527,26,0,-.69188994
2192.376131721839,40,0,-.63411331
4889.366802841242,27,2.2078497,-.22226404
3402.709056172427,24,0,-.44683602
5977.547623684841,25,0,-.51856124
7761.138295037144,26,0,-.36427444
9750.329811685082,27,.22659402,-.22226404
2192.376131721839,40,0,.10270715
2900.446803843325,41,.42558476,-.19455744
1810.256946798065,43,.25337332,-.9488818
3098.124953497582,45,0,-.46085691
2064.980244263009,36,0,-.98569143
2827.607481249204,32,0,-.2637364
3600.513035795144,44,1.4131227,-.18533367
2001.52777885249,29,0,-.72471011
2529.336130273359,22,0,-.22984378
5631.139186536468,35,0,-.70574868
7469.202048406092,37,0,-.29514742
5375.785172467288,41,.50571662,-.24027704
7890.24219078998,40,.38030717,-.47559214
9337.172742630015,41,0,-.58623093
13442.07492881932,42,0,-.8267113
4526.317835564269,39,0,-.76290798
5537.068585704007,27,0,-.047486559
7207.993001713014,28,.45360002,-.73545378
11719.59026878957,29,0,-.11034176
2868.789269268268,22,.22956035,-.76621294
11554.13715804258,21,.39262563,-.80020005
6966.517906181371,37,0,-.6018061
11751.96814068664,29,0,-.99375498
8599.643126972989,30,0,-.77625352
3055.623922950651,28,0,-.42767414
1425.276157165737,29,.24224961,-.78675628
8536.506924449453,44,0,-.89224243
6827.807709169573,24,0,-.85042417
6014.703017329103,45,.91049594,-.22199285
7409.897100170919,45,.28221256,-.049487479
4580.602845170918,26,0,-.68279654
4498.915952263076,25,0,-.60294944
5537.068585704007,26,0,-.4560833
6576.938098763142,29,.28674442,-.71372569
8493.894482481179,30,0,-.17287187
5617.202941468363,26,0,-.15373524
4068.356065173205,35,.35348666,-.092714645
4638.22054077034,36,0,-.16774499
8315.933200315058,38,0,-.14046723
3979.554298577013,45,.29271826,-.79912651
3595.791981577417,42,0,-.79459488
5407.39800052622,37,0,-.7200501
4382.395922679351,25,.29374823,-.25390369
7207.993001713014,27,0,-.69756442
7960.609376470876,28,0,-.68433279
2053.261473904487,22,4.1198912,-.2005868
6303.066636909641,39,0,-.64707637
6603.058752879614,21,0,-.81414467
8878.952081203057,22,0,-.76424664
5435.665280695648,26,0,-.60737628
6655.653672456564,23,0,-.63323462
3838.253793383303,23,0,-.88024199
3324.338147624488,36,.33082727,-.99638367
2196.574556559297,22,0,-.79671746
1722.062275745611,38,0,-.82375836
1768.223278792998,39,0,-1.2316514
6326.780929111446,33,0,-.69082463
11790.28150147992,35,3.8327348,-.76868993
22858.96246072618,29,.77041966,-.58162189
1478.734897006696,23,.680812,-.44251913
2338.725095301142,25,0,-.41882205
4498.213460475647,31,0,-.8637619
6963.814617062821,33,0,-.67584139
9860.532752443592,34,0,-.59721678
1530.740081961252,32,0,-1.1339933
2097.633019643819,33,0,-.13635576
2463.128619184727,34,0,-.58357364
2429.302902050841,35,.24472153,-.60572398
2872.977462320086,25,0,-.53370619
3415.802012853395,34,.53187793,.28589967
3860.024382762119,38,2.3709974,-.86290568
8557.718307599151,23,.99907362,-.68829781
3942.567905226509,28,.24842945,-.77011967
7319.051014985848,31,0,-.83978069
2810.241908502607,34,0,-.54904717
3887.934157041809,35,.27405515,-.54062092
3265.993877780804,36,.21135043,-.42078263
5355.473633375795,37,0,-.20640196
2810.241908502607,34,0,-1.3328059
5613.592403109265,30,.40745723,-.36733556
5199.406726443186,31,0,-.51958138
9268.311135247126,30,.65506268,.13799734
5019.853983639127,33,2.0496047,-.92376453
6325.890373777876,34,.44857377,-.67975289
5782.173139518282,21,.23157908,-.59099412
6588.69942643527,22,.67978203,-.74072504
6649.094055123748,21,.28983435,-.62804228
4971.532945761267,42,.99441814,-.75977618
5935.80334634288,34,0,-1.0362293
8458.472692761559,35,.4243488,-.75930768
5570.436853667316,43,0,-.54759741
11542.75952769205,26,0,-.33377388
4580.602845170917,28,0,-.1558003
5564.120084489277,24,.46142781,.16369905
6209.588426324278,43,.341539,.091457121
8198.360272833923,44,2.0529418,.088405199
10113.35823904926,45,0,-.17121637
3975.955073956513,30,.34936678,-.72336322
4938.204566574949,33,.24966541,-.54544133
3975.955073956513,28,0,-.7508058
4952.081655052556,30,0,-.83918881
5159.720919197572,38,.44783217,-.29971558
5765.532515018142,31,0,-.85901171
9456.652187203255,33,0,-.68354267
12727.64895197806,25,.37985396,-.62158042
3975.955073956512,26,.52878803,-.540613
5859.795134394783,26,0,-.34353238
2750.434873145646,21,0,-.69791764
1499.784311763417,21,0,-.80495274
4645.588792189502,29,0,-.86394256
2573.981708517638,22,0,-.45844641
4200.59558854646,26,.28839239,-.97035342
4623.853654820247,27,0,-.59911793
4014.344998484106,26,0,-1.0760454
6643.329000255356,33,.47790739,-.96262497
1568.426059208694,23,0,-.77617979
1737.048836516219,24,.24801745,-1.0497139
1797.357323214761,38,0,-.85710281
2747.227286083084,36,0,-.81900108
309.5643534225256,21,0,-.9808169
5737.866476569844,38,.43258858,-1.4497175
4936.825706486589,37,1.5363075,-.27317742
7163.349429687899,37,3.9161215,-.047292661
6404.659294587851,39,3.3227746,-.16376574
8054.083963448938,39,2.214359,.17149222
2404.158698660649,44,0,-.9197008
4480.937377598219,45,0,.04865963
5537.068585704007,29,0,-.67450678
7576.753536713984,21,0,-.72897458
10055.58315755359,22,0,-.45384288
11305.88198549576,23,0,-.39168224
2747.227286083084,38,0,-1.014563
7344.742800376926,32,.57884473,-.51792717
7243.591355766978,27,0,-.73186314
1373.440900443197,21,0,-.80460751
3396.145616829301,23,0,-.36656749
2285.516631064543,23,0,-.86347866
2449.073825966613,44,0,-1.1225301
1124.381879305665,38,.97888613,.074750349
1572.790406029183,39,9.7311831,.39063448
1424.316503031082,41,.68390197,.12846856
2300.282577740291,41,13.537963,.27238297
4184.764621757407,43,4.5371127,-.20386207
4867.325020775291,44,0,-.92229873
3629.513012876324,42,.20599456,-.64606524
7627.670560869378,42,0,-.90895396
8791.408045052156,43,0,-.45878008
5994.373328066545,25,0,-1.2466892
10177.88909654349,26,.47172755,-.13259004
10804.48715008814,27,0,-.60187513
3984.598008650149,38,0,-.70094401
5198.128584999521,40,0,-.13435127
6249.691932514354,41,0,-.73861712
4237.27904081094,41,0,-.42256662
5029.949474735921,22,0,-.73940009
4878.553889635846,36,.70038152,-.49212521
5090.945546798256,24,0,-.45854414
4257.1465635246,22,0,-.86043704
9166.458484959212,29,0,-.57048523
14624.12669716517,36,0,-1.7733516
2225.180809580001,27,0,-.55430889
4929.081677109895,21,0,-.70995241
6378.394752607361,23,.51086652,.03873077
5276.267732829237,24,0,-.5288564
7624.808128853336,25,.22659402,-.46099922
4896.276804500693,35,1.8559285,-.38671407
7150.391636356088,37,.31187576,-.43488002
4776.794292252127,37,0,.32948804
6069.36498513789,36,1.13709,-.49212521
1412.556773980011,34,1.0303024,-.75507343
2022.058591405576,35,6.1806607,-.67239743
3152.779593024451,21,.70285344,-.25201625
10336.59910855183,24,5.3241353,-.51145375
2002.845284978223,30,0,.21373434
2111.272097926778,31,.36090246,.084074855
1845.425189040006,32,0,-.67643267
2072.235816630693,26,.26738095,-.31658936
5859.655714771546,27,0,-.55771714
1750.534368749238,29,0,-.57271904
2346.810616407368,30,0,-.54046088
2126.534946025631,30,.40457332,-.60511965
2045.02048340495,36,0,-.66087061
1861.331626999167,37,0,-.46952325
3262.499548745809,43,0,-.86479652
3188.020136528575,44,0,-.72109085
4240.494946343612,24,.24719347,-.78437823
6853.027396875817,24,0,-.42444393
8942.786885505699,25,.88989651,-.33829659
4665.552233408835,26,0,-.61513346
5540.330937213897,22,0,-.70152259
3868.413060913387,32,0,-1.5957748
3768.171338798292,34,0,-1.7417327
7116.838529373571,21,0,-.36221072
5397.399425302682,23,0,-.62683451
7327.205409605394,22,.40786922,-.092309602
3191.579266103208,22,0,-.85012919
1788.370905053284,25,.20228666,-.60935915
6053.37585652485,25,.25131336,-.24535853
8911.804350816392,27,.22371009,-.61516523
1958.935253375632,30,.86723709,-.84348094
2685.031095124697,31,.63981909,-.6526981
8274.918492295632,44,6.6087174,-.27706769
12287.28549224116,45,8.8794775,-.49597889
3269.815541801564,22,0,-.70246917
1102.529101463266,41,0,-.82974505
1605.36436084176,42,5.447732,-.98324066
1761.169413707742,44,0,-.68369204
6019.511660317058,25,0,-.4036347
1841.621656647533,28,.21753025,-.37480155
1977.675592343672,25,0,-.40592766
1172.14827718125,39,3.3700709,-.57171857
1652.886166733554,40,1.7674333,-.12864381
1852.644793822,41,2.2206213,-.65346265
2560.643317213418,42,2.9663217,-.21470059
2302.371314933868,41,3.5760655,-.3011466
2898.998088003711,42,.42929268,.17567974
1749.732620696464,22,.42476079,-.95275551
1297.934383821372,24,0,-.74399006
1226.187256673239,38,0,-.71369827
1112.53164191548,43,0,-.54894859
3025.828958173457,45,0,-1.0687388
1786.806435761784,38,.64352703,-.65776008
2193.272747509265,39,2.5409842,-.49863279
2692.704866261214,40,0,-.45937964
3533.423839654044,27,0,.015136982
3121.430787911515,23,.77165562,-.84608614
1530.740081961252,32,0,-.91475612
2147.727099860935,33,0,-.5086571
1411.298461875627,34,0,-.98123753
1466.809379999497,35,.59017444,-.43782383
1416.337519428567,36,.49850684,-.75997043
1551.506120393567,37,1.1127826,.062517315
3427.240337468452,22,0,-1.3452607
5463.810592566596,23,0,-.79575711
3640.51956222573,25,0,-.82613742
10065.47627009957,27,0,-.92354381
7848.17505651819,28,0,-.517497
3994.897245488094,31,4.1816897,-.27548108
5222.433777417762,32,0,-.72713751
1530.740081961251,37,.31022781,-.68221074
2097.633019643819,38,.34854281,-.79502392
2044.144501519341,32,.38850576,.075816996
2768.473242462793,33,.35595861,.058737315
2404.158698660649,42,.41198912,-.74460459
3351.956217573304,43,.32135153,-.8007589
4080.517650367285,44,0,-.65407097
4950.830007015572,22,0,-.77553111
13409.44759989788,26,0,-.41235715
4962.34261360744,21,1.4168305,-.73418367
5843.915380075586,22,2.6602137,-.57630217
8731.12551241214,38,.36625832,-.60554367
1488.677288560107,21,0,-.83877385
1942.61020141053,26,0,-.82617038
7643.204566259269,22,0,-.70080656
2502.612456956789,23,0,-.57732624
2970.960776327634,32,0,-.6085282
1288.155458541333,32,0,-1.3023846
5697.963171679758,22,0,-.92545331
3022.038197532975,23,1.1955924,-.39804617
5003.917531937219,21,0,-.754695
1830.819079188905,36,.45895588,-.94803387
5476.024648010024,27,0,-.6155538
7356.634411084277,40,11.098987,.0083843954
6449.027518874626,32,.96405452,-.82412052
6068.344476935604,27,0,-.67030621
3395.395110001,22,.46554771,-.31928182
4263.491850807244,23,1.8951499,-1.2629824
5362.711177061264,30,0,-.43541175
5048.853636093681,25,0,-.33839422
9825.823848897067,28,0,-.79209942
3662.937238404137,33,.28592044,-.96304816
5226.9756690514,34,0,-.99732137
3687.30248447756,30,.56265354,-.072708182
4938.204566574949,32,.65320873,-.14837047
1756.460492046164,35,0,-.9732337
4434.887770269715,30,0,-1.099136
7714.265206130439,33,0,-1.0434315
9942.319981814333,34,0,-1.1168498
8686.529581403875,42,0,-.8464781
4434.887770269715,28,0,.091062792
8020.394724554638,21,0,-.08386042
5499.461481976438,31,.20146269,-.90173012
8862.813925937888,32,0,-.77034098
5107.142815534876,24,0,-.84747595
9088.881225918749,31,0,-.49510029
10022.02535500869,26,0,-.84890902
4454.032227366554,25,0,-.77654922
10935.62722789097,27,0,-.33923876
4803.860567304599,44,0,-.84609705
6240.2987887728,45,0,-.79345977
6805.287345262145,31,2.1258638,-.76562935
10187.80234377271,32,0,-.98483115
9725.419218818186,33,.38154313,-.94977117
5313.313969044483,29,0,.029006196
3490.807207514501,29,2.1085603,-.38790053
6541.443405111878,31,0,-.98103535
8931.661225786253,32,.65918261,-.13204141
5041.394250434166,22,0,-.67774063
10898.45783985832,25,0,-.82717448
10746.54726877465,30,0,-.79921585
8119.609595802577,31,1.3952012,.012924054
4750.586078791554,37,0,-1.4223356
8175.050411568095,37,0,-1.5377698
6095.056515798523,23,0,-.42088565
4634.156246883758,40,0,-.67467391
8320.429160896869,41,.47378749,-.8330211
13020.44260521333,43,0,-1.1954722
4063.388348769739,40,.51354444,-.27786031
6061.037435045798,21,0,-.97099876
4903.302298524174,34,.2462047,-.93046701
6988.724345894375,35,.36770028,-.82871515
9796.175588429951,37,.82818055,-.74991518
8587.349659871112,37,.63986033,-.99726206
13608.76253135218,34,1.0876513,-.68033385
23137.39260360719,24,.41116515,-.3578617
8401.484328629162,21,.72922075,.0011473779
12067.48218121435,22,0,-.72367573
11529.48580302131,23,.55618531,-.83529079
6014.457552055738,28,0,-1.0748498
7257.926872852154,29,0,-1.1704187
7142.872912535976,28,0,-.7034803
9822.727761849304,29,0,-.76051402
5361.870686433896,31,.20558257,-.23948446
6995.497625119365,32,0,-1.3119411
6128.052747777845,28,4.9566822,-.19362792
14647.77150532659,31,10.326343,-.14419791
3832.852717092892,33,0,-.36037883
3967.679656573641,24,0,-.91981459
6352.946051783249,25,0,-.72854912
14281.53724797342,27,0,-1.0894704
5470.008346141548,30,.32497701,-.56962752
5661.239983189945,21,0,-.84486669
7776.830534206446,22,0,-.87008339
8016.612934934076,22,0,-.60713279
14307.23335546734,24,0,-.77015656
6778.043784863851,25,0,-.51600069
6307.465531147492,23,0,-.80677128
10187.26797947111,24,0,-.59981102
5988.326163735705,22,0,-.44672978
5136.232123959156,25,0,-.99312019
5178.802630421916,35,0,-.84093094
5995.746629784943,37,0,-.50590014
6565.021692162555,38,0,-.57625085
6021.455874284278,23,0,-1.2925508
13534.5041071251,21,0,-.16130072
4131.836786773162,37,.3712022,-.53873473
2292.884798347662,38,.41198912,-.61817431
2307.791153808857,39,0,-.12142406
2422.708292885748,40,.33577114,-.36607206
6099.58946097993,44,0,-.96648902
3624.873155036794,23,0,-.12954441
2229.879487427122,27,1.8539511,-1.0441266
4135.378832307566,28,0,-.97856575
5248.013774285129,31,1.6603161,-.58149076
25164.78867506734,29,.22123815,-.95895612
9145.720241108784,27,0,-.50052261
9909.052981494568,30,0,-.8252539
15122.82584807084,31,0,-.78422809
6267.035873016487,24,0,-.57700151
3519.355321912204,33,3.5019076,.0058909934
2626.229899992211,21,0,-1.053941
3109.101719833646,21,0,-.87404478
2479.050378350462,23,0,-1.1386086
10286.16829796015,28,0,-1.1661475
3667.257482040274,30,0,-.85093188
4825.156833215976,31,0,-.90491712
3611.470105708758,32,3.8335588,-.56450957
6987.151106764458,21,0,-.87385523
5094.874376336196,37,33.482357,-1.0401266
5216.100547978294,29,1.3566802,-.73142487
7215.019445519789,30,.976991,-.69062465
7328.505990227747,31,1.6014017,-.7183485
5346.408609439687,23,.31311172,-.54999179
9020.095868883056,33,1.7278824,-.47686058
4711.800368778683,21,0,-.093070455
5794.341834768001,29,0,.090507485
7345.752267954321,31,.23112589,-.68833727
6713.562628281411,32,0,-.47902527
4833.286090527569,24,.44082835,-.45280954
7997.041026600399,25,0,-.90184206
9052.304678041497,34,3.1529527,-.31326136
11385.49426974538,35,4.8408723,-.29174346
6388.474048987949,21,0,-.42495629
4674.669205915954,30,0,-.064379804
10906.99007533047,32,.58790851,-.15156712
4913.182713408721,25,.78319132,-.39526448
3719.191426505869,22,0,-.4264268
8926.439835804375,31,0,-.21314253
2985.648359907918,43,2.0609756,-.32950875
4567.936537768333,44,1.1134006,.26879406
1628.566387508075,44,.22762398,-.53338939
2099.06871465617,22,0,-.49229199
4815.67128322766,30,.21505833,-.2490181
8988.449436606183,32,.32794335,-.81532395
4036.45850145807,28,0,-.75986755
4008.361852279222,29,.32505941,-.91213143
4498.357441845253,23,0,-.79785097
4961.54626689371,26,.41198912,-.98399854
10106.13104228877,28,0,-.84366858
13512.11509862448,29,2.0599456,-.71430129
3312.606485347612,30,0,-.32163116
8820.653766034678,39,0,-.73307383
10774.75242804809,40,.71603709,-.47505516
7304.719926632058,32,0,-.82491058
8413.720745370898,30,.47378749,-.99704498
5556.858964187389,24,.6179837,-.79859489
7501.921283409516,25,.53558588,-.90572447
9112.773321390561,26,.78277934,-.91900986
3407.912280510363,28,0,-.84730089
8995.40543692509,27,4.9109101,-.69937074
18453.53442220718,28,6.1798368,.15180084
3002.285921556957,26,.35142672,-.92231995
6268.340140509516,29,2.1921942,-1.4801447
8159.954698664066,30,.75439328,-.21065566
4280.020928199054,45,0,-.79149348
9972.385564078435,28,.35492864,-.84918845
3910.888005391691,35,0,-.68229461
3690.251315172523,36,1.6561962,-.630301
4753.147489715891,37,2.1411076,-.33622015
5108.349558922501,23,0,-.98295474
6130.093028528637,24,0,-.94392776
5252.500807464302,21,0,-.61774749
4266.34995131655,24,0,-.47097054
5051.548661370656,27,0,-.18988763
7001.419694406396,31,0,-.97689223
6255.823303390308,37,0,-1.1070137
1512.106738400873,21,0,-.87426174
1008.657967272677,42,2.0599456,-.76441854
961.6668854572973,28,4.1198912,-.54240036
961.6668854572977,27,0,-.89857948
674.3446432430377,41,.26330224,-.94874197
1819.853685411436,24,0,-.28830352
3000.009065209986,23,0,-.61919218
10272.92070280659,28,0,-.36235121
900.9665853012103,25,0,-.60641944
1126.318588528889,26,0,-.65529966
1434.872257577693,28,.24719347,-.70663905
1008.106420804545,26,0,-.84289968
1126.318588528889,27,0,-.81096894
1462.083041209344,28,0,-.66483736
1434.872257577693,29,.24719347,-.76869559
1254.841840537047,30,.2612423,-.32509696
782.8461372279891,31,.65362072,-.22837056
895.5315071911378,32,1.4180665,-.16582128
8286.781978602045,24,0,-1.1024199
1659.429209261475,30,1.023793,-.42702559
577.5611290893768,21,0,-.63028306
1857.760897323053,23,.77927744,-1.0078249
752.0110554374063,36,.59161639,-.7381506
883.3441418173711,37,0,-.34176183
1125.674831044154,38,.43258858,-.68805581
3810.111811304658,22,0,-1.284656
1065.79397424182,29,0,-.87753153
2263.73591039258,27,0,-.42415026
1680.694449398482,38,0,-.86249661
2001.412269822086,39,0,-.76902193
3537.962085021667,23,.23194988,-.43668896
4401.809650088627,25,0,-.9720521
6975.052756014341,26,0,-.9216367
9067.7030767003,28,0,-.80151325
1178.376371959995,25,.53517389,-.92483109
3769.308651260362,23,.76320982,-.50138879
4964.471291689694,24,.82809812,.062266082
3283.615045319009,24,.33371118,-.34873825
2997.746968169768,31,3.0083447,.022578191
4635.720523241366,31,2.0562377,-.1874091
3711.537098009603,27,0,-.96201825
4695.482767182788,28,0,-.83726645
10085.44271544185,29,0,-.73835975
2895.167398905631,29,.58090466,-1.3600783
3094.610442957755,29,0,-.15600599
6046.014515898885,27,0,-.21759388
11454.79938116034,30,.21011445,-.3659822
12568.16328697772,30,0,-.41086549
5536.044357984308,45,.35019076,-.23467501
2913.27552835295,22,.24760546,-.55132902
4808.97655270058,24,11.369252,.029092012
2303.313434697689,25,2.755754,-.4218789
4575.502465994386,41,0,-.9278813
7454.965194988353,42,0,-.909639
5421.440831113233,22,0,-.25221983
12664.37834751119,24,2.6956449,-.63046855
5421.440831113233,23,0,-.67495847
8739.097743347134,24,2.6680415,-.70500958
12664.37834751119,25,3.0483074,-.62751234
6414.819271855899,21,1.0279129,-.82123137
5127.690566141201,21,0,-.8212955
2345.713419676077,32,8.5335302,.27237204
885.8028391477814,40,0,-.50221801
1202.486699331743,41,.45154008,-.66201854
2069.771462779297,42,.3596665,-.58023876
1087.566153553825,28,0,-.83499247
1142.209316782501,26,.32856134,-.64710104
9473.809630260268,31,0,-.81298733
1465.848841222255,23,1.668556,-.79227561
910.8456828063713,30,.22247413,-.62257832
1090.126321222281,32,0,-.58198243
1178.052208334462,33,2.0599456,-.59862691
6386.345406031133,21,0,-.77511096
842.9114396656772,42,0,-.94117689
1067.388193281156,43,0,-.80215698
833.1230832229936,44,2.876096,-.82194316
966.9004175508243,29,0,-.87009335
5793.25898248612,44,0,-.40998122
6442.970671526467,45,0,-.19356701
875.6159295375725,28,0,-.63907605
913.6846628102836,32,0,-1.421272
1171.180433822172,33,0,-1.0482211
1358.528580263384,34,0,-.96626514
1461.789884392151,35,0,-.99758333
1086.383400609091,22,0,-.81893778
1498.946515386277,23,.47790739,-.9108144
1326.827946324352,24,.34813082,-.86944002
904.5517280347849,29,.74158043,-.81478161
1091.045762879269,37,14.445245,-.24575219
640.1323870990921,26,.22556405,-1.3125678
2635.406402378213,23,.29457223,-.5772565
5052.344565739847,40,1.9355249,-.76330137
460.5962414044516,30,0,-.88955575
525.6929032938831,31,0,-1.065591
661.0277834523005,32,0,-.96448666
1913.748885497254,21,0,-.75837421
988.0054799062174,22,0,-.49525601
823.0937394794497,26,0,-.4832083
1537.157836939487,31,1.366156,-.35725668
1777.449173250034,25,0,-.87560296
957.4087284868639,45,0,-.99820083
1881.779282686271,38,.6245755,-1.1759274
1939.942357771643,40,1.4419619,-.92470229
3798.28143274473,24,0,-.78820664
9697.712352909175,23,0,-.9116869
18887.73514778514,24,.49438694,-.82851899
8438.032369742776,23,0,-.67038488
1608.351108545245,35,.22824198,-.63573796
7889.128272386347,45,.44906813,-.42947054
5710.742861934753,34,0,-.79860759
6581.412330098468,35,0,-.95513266
9226.856778339599,37,0,-1.3773884
1596.292422421261,29,0,-.57159901
3146.633941568912,21,.30137005,-1.1366339
5229.180011623183,22,0,-.62909001
1073.051969316238,31,0,-.89369637
822.4213605797432,21,0,.11317956
1314.72677114319,27,1.7855608,-.88237345
1408.367041456481,21,0,-1.3157016
3326.179966873984,25,0,-.779526
4052.461341329208,26,.25708121,-.7729311
967.9795662416753,33,0,-1.0050735
8868.782172202582,25,0,-.98915601
5674.32141911285,25,0,-.99370384
3212.068835466306,30,0,-.66907448
1554.922550492118,26,0,-.65750998
2225.00482336156,25,0,-.88790733
1082.822252681852,21,0,-1.138281
1413.323384101014,22,0,-.93083835
2023.259481632959,24,.4424763,-.78185958
1322.422549328078,23,0,-.75576729
1825.145053718362,34,0,-.94924307
2276.834235820736,35,0,-.86293238
2114.052904547499,36,0,-.98142183
2726.8225951722,37,0,-.58891624
5461.001132321672,21,0,-.54135835
4335.045864905874,22,2.0846651,-.7059266
4058.653759253355,25,2.0846651,-.42100927
676.9574148141741,37,1.8111042,-.8991254
7345.125119939898,25,0,-.39347735
2608.660564649619,39,0,-.60194212
1956.721435644048,38,.28493169,-1.0814313
2956.471036095234,35,0,-.84556413
6355.277309051889,28,0,-.69149625
10948.87958894253,26,.58914447,-.5788883
15954.16373672534,28,.92697555,-.48593196
782.8461372279891,29,0,-.59663969
1001.320196511095,30,0,-.63400179
1031.267724385054,27,0,-.9199369
1999.61858411378,22,0,-.78694528
1707.75694776567,21,0,-.39293998
4922.752705875955,29,0,-.067667536
7173.962400208715,30,.64888287,-.13314576
9042.524260950957,29,.21299838,-.50597346
15188.93765514065,31,0,-.42915025
802.3485338660968,21,0,-.78874433
4774.95980364068,21,0,-.8022328
5574.309470508418,25,0,-.55490422
2749.598217560565,25,.22659402,-.10536491
3097.703782514725,26,.83592594,-.11983222
4106.353212650733,27,0,-.18720815
1619.650383724193,40,1.757834,.30941099
1354.681517098743,45,.26593897,-.26997572
939.8367932792557,25,0,-1.0711925
1407.098312657583,21,0,-.74575561
1634.614355946694,44,1.3884033,.40321034
1328.83532159167,37,2.4496872,-.93215442
1404.923790476324,22,0,-.63732737
1046.767713957922,22,.30198804,-.40785763
1220.653765617439,24,0,-.77329731
1086.866552255638,39,.3522507,-.56324255
1408.75565276492,24,0,-.39242023
7965.704062592068,34,0,-.57185388
10359.07412801123,35,0,-.43764892
7497.446256058521,44,.41203031,-.24752635
10333.0523808267,27,0,-.95687312
6571.347315229585,27,1.7097548,-.26153278
1862.875652326552,35,0,-.64531285
825.9269468454991,25,.90637606,-.45232591
960.2802457673478,26,.81615043,-.35204819
1464.032582219974,27,.86435318,-.49249423
1849.037674869431,28,.78772318,-.43926287
2007.592281762756,28,0,-.85041153
2704.580694599,29,0,-.88325578
3087.478142247646,27,0,-.77335572
3907.531676454019,31,0,-.88997769
1008.061720761421,26,0,-.83767819
3617.690518928776,33,0,-.80026865
5314.763209691614,34,0,-.75836873
19078.52373025677,35,0,-.84002495
5088.788973850508,21,0,-.7709353
13367.71414918742,24,.77124363,-.47015408
850.1472860514308,28,0,-.41127339
1482.118030277822,43,0,-.97425455
1309.009257382651,27,0,-.94904846
2729.232267881612,29,1.5614799,-1.3138806
1989.803158764321,23,0,-.25556666
3143.555342005944,24,0,-.70808721
4228.242191379323,25,0,-.99620962
3343.000512934915,24,2.5160177,-.51555377
504.0945296393044,27,9.47575,-.76372844
1084.436907767542,44,0,-.2956115
1241.229824292495,45,0,-.71009994
1518.407184893772,42,17.388618,-.6067217
2006.041388307645,43,1.8452992,-.27371132
2871.747663748259,44,2.5675163,-.2600407
3087.823370225791,45,3.2786095,-.38403398
1063.475408682345,35,4.2364841,.18032816
1745.378318658389,37,2.0319304,-.46065465
6949.832672571162,27,2.0607696,-.26367429
5809.941337457662,21,0,-.86620879
1456.264315888735,21,0,-.78242224
13686.18053177426,24,0,-.98076993
8252.347871910135,45,6.107739,-.28408694
350.6070549311139,42,.99289376,-.78538805
12796.99885731437,21,.47378749,-.3299416
6645.961786428826,42,2.0601516,-.11354066
1721.766470674696,22,0,-.56523079
2972.789560015626,23,0,-.43872258
3775.311921762104,24,0,-.60356313
4872.344299493006,25,.56030518,-.99370384
2759.017674015322,21,0,-1.2284579
3725.595271736502,22,0,-1.3012797
7101.675282468819,24,0,-.061999355
2560.843562703589,43,.87444693,-.73520392
3608.954469918575,43,11.457829,-.54651248
4010.913727261885,35,6.3545203,.013872424
7675.028519613164,44,0,-.11046184
872.0651483933642,43,0,-.47937027
1503.452479014584,30,.47852537,-.26196066
4028.608455334941,31,.66824633,-.052176204
1359.103056979008,45,4.15697,-.56939822
1741.065480162686,25,0,-.97397494
1154.770538802857,26,0,-.89763367
1641.876238232448,28,0,-1.0850229
1969.220924720984,28,0,-.42239821
1394.346657580557,28,0,-.12100407
1876.314604316066,24,1.0719957,-.50147057
1215.76322159943,30,0,-1.1535169
1764.208629300525,32,0,-.61851847
2142.342592371836,33,0,-.63433009
3228.012993539577,34,0,-1.0297978
3220.830206843191,43,0,-.78774405
5755.600018541779,35,0,-.78173405
7955.593780205886,44,24.653429,-.38385993
10442.46318780999,45,.30384198,.16440548
5311.972484068619,26,.82397825,-.32839763
5293.293555909418,22,0,-.7833932
5472.323553116637,38,0,-1.0727777
7278.629199849005,40,0,-.80631155
12842.64564712619,41,.73334062,-.54212052
5955.223595189091,23,3.5880132,-.52657115
7117.998563807404,36,.32093954,-.88424391
7436.409051477668,36,.54300165,-.038888693
9930.548150309231,37,0,.10649942
7351.579695824584,22,0,-.65636265
5078.519919685437,30,0,-.58424824
9722.554527518963,22,0,-.71134531
3313.749852691648,34,0,-.95413905
3908.902902453005,35,0,-1.1471524
5287.683333794595,43,0,-.41901875
7152.679994472091,41,.70038152,-.96891385
8116.427136792271,40,0,-1.4960295
5105.452307242738,23,0,-.7229864
5164.627239745708,37,.39468557,-.32591683
11954.6257012485,39,.49191502,-.38876566
5974.552552668233,22,0,-1.1427311
10158.05327505858,23,0,-.74495637
7965.853655332988,24,0,-.65705484
7827.157700048705,22,0,-.22985105
4010.672597404383,42,.58090466,-.95120019
4024.486711458761,41,0,-.90769744
4010.672597404382,41,0,-.90762115
6178.481761694399,44,0,-.79037005
6178.481761694401,41,0,-.86884093
5860.592138097477,31,0,-.32965791
7823.359541795403,32,0,-.47798559
4848.366685754424,22,0,-.49014065
5611.721847083241,25,0,-.54635668
5972.862462179917,40,.28550845,-.076576613
4010.672597404382,42,0,-1.0119954
5168.694404791895,42,0,-.84575278
6854.707855382457,44,0,-1.5473034
6386.932080397782,41,0,-1.0142987
5826.044397732189,31,2.9041114,-.56910807
11020.63630341795,34,.60232812,-1.7375183
18961.70608270855,34,0,-1.4314282
4288.782964458312,44,0,-.68809706
5362.168474696028,45,0,-.70984566
8723.743140762508,38,1.7748492,.11104427
4132.244228418546,30,.95169485,-.69325364
5171.443139923537,32,1.0328567,-.88057727
7925.208114609632,33,.64682293,-.82015365
11137.93324363155,34,0,.10784779
14424.03506552417,21,6.8802185,-.79275453
12884.44229082319,24,.83221805,-.83412606
2915.120766718634,38,0,-.1321096
7337.665729336551,29,0,.041106414
5132.393170795232,35,.61015588,-.10467615
5511.328216701256,25,0,-.2744945
8240.788885004034,44,.45607197,-.40510923
5712.621752316264,39,0,-.76277852
5981.188311448706,40,0,-.60917121
6541.455467496079,24,0,-.78567702
12992.74644103283,43,0,-.80856639
4042.06079466146,32,1.05943,-.30296826
5539.158494782001,33,.4884131,-.30254731
7156.461961002602,34,1.2681438,-.32692125
5044.413554950098,24,0,-.71478975
7651.835995990434,26,0,-.80285728
12197.2638492147,27,0,-.4905062
3724.170682384014,36,0,-.20274353
3471.259252066087,37,0,-.092380062
8101.675183350199,25,.81573844,-.89050746
4916.334722393259,43,.95169485,-.81564224
6512.200866524373,44,0,-.019614255
4787.614283880584,35,0,.049623534
10078.90598548939,26,0,-.99846804
5641.969123307237,21,0,-.54366368
4895.917242152751,40,0,-.82078457
6003.204865790609,40,.53558588,-.77668202
6215.273477878945,28,0,-.62909496
5518.349227879364,25,0,-.9974314
10363.35725896367,21,.33783108,-.87992436
3029.503129045268,24,0,-1.4233617
1983.682586491485,31,0,-.30915233
3558.736734693104,28,1.4831609,-.43378133
4525.994534469953,43,0,-.82969308
7141.267942028903,25,0,-.6272347
1743.134300669412,23,0,-.61666143
6211.366429569531,32,0,-.52092874
2966.043472998327,41,0,-.34429285
3600.808520781284,42,0,-1.3418663
4254.754895883808,28,0,-.3412022
7410.819278640611,24,0,-.66978532
2777.939763035882,21,.3596665,-.59830838
5004.596238441977,26,.49879524,-.91389233
9442.684898930225,28,0,-.61703265
6765.023400858426,23,.49026707,-.80437636
7528.766124633362,23,0,-.4873549
5213.097798630124,26,.66453844,-.60300761
7007.762410709952,36,0,-.86791253
3504.333679783502,27,0,-.60013753
5080.253705368274,28,0,-.56931436
7349.754062921227,30,0,-.47069889
3094.275719319192,25,.46142781,-.77745157
1598.258992420092,26,0,-.84343129
2022.732348140378,27,0,-.83944374
11348.28888737213,22,0,-.55364966
6904.765675821743,33,.73334062,.038980033
7938.951180259231,24,0,.0035581428
7131.098097189567,25,0,-.73149973
2348.679731171198,38,0,-.90815258
11406.72704153365,26,4.3464851,-.4963229
16327.68546546699,27,0,-.4619292
7390.641035172123,34,0,.094433933
7616.679756502949,35,0,-.86446869
8004.756002763722,23,0,-.79394519
9426.413808590632,21,0,-.71033508
6892.81804653542,39,0,-.35918206
18116.1397607285,40,0,-.56100506
8597.004297084188,22,0,-.67775041
11867.83092227101,22,0,-.67268205
7544.230768886187,26,0,-.68155932
8904.109560698549,27,.64682293,-.85416973
13781.83016718155,28,0,-.54078054
5845.606791692559,24,0,-.90856928
7837.287332765615,22,0,-1.3118488
17467.6588407405,24,0,-1.1774449
4788.605662204497,40,0,-.77055299
5091.73210599597,23,0,-.90530795
4871.765757481547,34,0,-.8812288
6760.21877446829,42,2.1870854,-1.1380153
8378.327534304286,43,0,-1.158548
9982.469289191873,45,.23483381,-.73942518
6102.798199562752,32,0,-.81939876
7775.016651593941,32,.59408832,-.81464082
9336.624587450671,33,2.9362464,-.66957647
6166.216980327408,45,1.3049755,-.23663117
4754.514329931289,31,.79765213,-.55903447
11390.04447390947,28,0,-.79603243
4337.947381054722,40,0,-.74267137
6164.226058732272,39,.46142781,-.79374695
7947.271401541445,40,6.8208919,-.48899996
9005.613091676978,41,1.3248334,-.36369187
11316.23630932801,24,0,-.56417722
5164.627239745707,39,.55618531,-.67769802
15862.31417574701,42,.24018966,-.81330407
20721.38367544583,22,0,-.80516177
20485.67440918327,23,.63887155,-.83843648
5280.467941993055,29,.46637169,-.28770021
9660.029522808045,32,.3827379,.064829819
2787.642364274722,33,0,-.076424092
2610.346106900929,38,0,-.056634046
4616.620752447653,31,.61592376,-.50012314
6808.958428517653,32,.66948235,-.37208387
10037.84814383287,33,.73746055,-.48347327
11708.38105840528,34,.55824524,-.50933826
4941.217218267242,31,13.510359,.1553081
4895.917242152751,37,0,-1.0882447
5569.410882404612,40,0,-.30499139
6852.16077854122,40,.62045562,-.51449865
9292.585292398473,41,2.087137,-.72604114
5885.720961186032,38,.84334171,-.68752939
4742.414309940618,26,0,-.89625728
11296.44723868612,23,0,-.99362922
23175.49433583462,26,0,-.51482338
5107.748642265536,22,0,-.70403004
13525.78684598558,27,0,-.5486266
6411.39926502997,29,.22412208,-.6733284
8418.039034327376,23,0,-1.0541712
8229.232567401707,25,0,-1.0279325
6717.351097525527,22,0,-.67592525
6746.644750965978,21,0,-.58806443
12608.91029856598,22,.24719347,-.69963986
8920.400303148735,32,0,-.87078965
9731.480705448805,27,4.5224457,-.45114014
13096.53830677721,28,3.8465364,-.58302903
7329.011545244845,28,0,-.53602314
3111.037581722433,29,1.4558872,-.7253781
5990.376789540715,36,0,-.31187248
9437.355410605438,36,.45730793,-.2205009
4893.313112436138,21,2.1464634,-.9114629
22778.14543546057,22,0,-.86379302
24517.33173789941,23,0,-.87795281
12170.41834926139,29,0,-.85803103
5690.827460618057,41,9.1939497,-.99487329
5117.677721714072,45,3.5414586,-.87846106
6283.605924010398,23,.91873574,-.60082722
4736.764390675824,32,0,-.88597757
5522.081548237967,21,0,-.79359353
10902.0241179081,24,0,-.99465048
3275.362298672566,27,0,-.54592878
5087.061530989321,28,0,-.46395406
6166.569209970065,29,0,-.56177849
4778.598094394823,25,0,-.21402417
10952.91566037227,25,.63858312,-.82971936
14967.37869959399,30,.68802184,-.62140644
4434.887770269715,29,0,-1.0589728
5834.475502177836,28,.22618203,-.59184742
7929.2122047452,25,0,-.52701861
5076.147467704565,29,0,-.39410356
3787.13909319045,23,2.6490901,-.24924076
5537.087200882728,24,3.1990955,-.19525459
6182.045078777857,25,3.4372253,-.34217596
8009.83051384518,45,7.7393394,-.99836797
2662.382846655898,30,0,-1.0077521
7794.465162592932,33,0,-.80519813
4335.086062434098,39,2.1433735,-1.0507485
5591.384162923391,25,3.449585,-.087262996
6296.000003235288,26,.43258858,-.83287549
8251.853382417683,26,1.8374715,.018133789
7029.832830592939,24,0,-.69986373
3915.505889692149,21,0,-.78503484
13693.48397932805,21,0,-1.009874
10090.69581503122,23,0,-.9359228
15781.22284856129,24,0,-.69371873
3234.35160720477,24,0,-.7090081
3736.978149436407,45,1.0353286,-.55011314
13455.44387121237,21,.22000219,-1.009874
6339.582978164213,23,0,-.77594495
4490.135572657619,35,13.795456,-.10967007
8917.16860328495,37,16.900206,-.73259479
2602.938809849413,37,0,-.90904641
3338.273472499147,38,1.2961178,-.66237551
11822.56643686893,26,0,-.93235499
6760.21877446829,42,0,-.4714644
7969.147882558802,43,0,-.51450139
9835.311124393002,44,0,-.36279333
7466.274163304363,31,.40745723,.00036014733
8459.01952638442,22,0,-.9997068
