w,age,z,a
2915.949614170532,23,-.5227319,12.5
3369.078208175897,24,-.42951414,8
4481.219109526034,25,-.44383165,1.35
5357.714556936154,31,-.93548608,2
6861.181739882738,33,-.89501607,2
6622.8208005708,34,-.49036965,2
6094.856425305468,27,-.53255284,49.200001
3478.833417586336,28,.68574506,138
4680.783311599186,38,-.43774968,241.75
4087.609937922491,47,.044625767,56.689999
4547.273863720633,25,.89255828,0
4865.001587141574,25,.47269225,46
7935.219746535347,27,-.88867372,131.10001
6925.733803065817,26,1.0204393,274
12761.77593245908,26,.022574356,289.5
12122.53147802699,29,.90693367,323
9232.975180034762,23,.60379845,2.2
2835.46191288213,23,-.82608306,4.79
10447.8049112343,26,-.25348228,152.795
4005.834255639382,31,-.59853393,20.200001
5943.994120041156,29,-.90413833,0
3905.834371180904,47,-.58841258,20
7291.310919126044,31,-.78635532,244.67
2465.607794047008,27,-.75829083,0
5105.549616606381,27,-.64306068,0
4209.201941599889,23,.084537417,136.66
3134.590632020725,37,-.35333577,105.31
1662.233030979411,23,-1.2251815,0
3968.950871761117,31,.49719581,145.23
4389.882336364163,32,1.0066179,271.89001
10454.63236735389,36,-.26342526,378.92999
12968.89493014189,33,.070270725,314.03
14073.92287787488,36,-.90520233,20.4
14194.73474205824,24,-.38059613,2
1558.107850532199,32,-.5149287,1.4
7835.580068753257,36,-1.0630878,6
6198.260197120037,37,-.88592267,1.5
6947.509340741729,38,-.87377501,1.9
2464.608141652012,34,.062751867,273.04999
3016.235911794476,35,.02371371,232.10001
2809.866715948179,30,-.7110315,80.099998
3742.621221436711,31,-.89084136,125.26
4310.68323571742,32,-.84845436,68.129997
4656.37566716016,26,-.43450862,7
4429.898148046286,27,-.33335823,6.6199999
15208.6535766127,24,.80743504,6.4000001
9109.217126646356,32,-.40530676,13.9
7238.853859198566,28,-.11552288,17.200001
1581.584541071635,23,-.16016465,3.5999999
12145.56422779644,26,.35528374,10.87
8302.462756118071,27,.78159404,189.705
3134.030046306265,23,-.55374402,46
4951.403267207024,26,-.73513693,194.795
1190.009385528512,23,-.47928387,7.6199999
1481.688468408393,24,-.10958593,1.7
1034.5906377463,26,-.20309861,30.6
4115.540041603644,43,-.08999557,320.57999
6201.362333615885,45,-.10489113,395.59
5392.475004242485,46,-.040220313,522.62
7241.973149561582,24,-1.4843731,0
11808.85558940483,23,-.36259064,22.9
13701.5912224134,24,-.83487296,0
4916.767021897252,24,-.31166416,22.1
647.6716776391903,25,-.91343766,5.6500001
6355.803321857918,35,.88199091,36.700001
8230.070731321573,35,.17294356,362.38
13637.09200531493,37,-.39963683,185.41499
4939.965912373557,27,.38197768,296.5
8150.90488766412,30,.32085216,232.756
5937.252290820515,35,.17294356,632.70001
8185.297114765342,36,.17746794,510.20001
6844.523427464989,37,.25676632,2004
8651.89487533457,38,-.25907779,1681.2
13760.66562622297,33,-.077730343,278.98001
4855.023195914281,31,-1.6292777,0
7244.064474008111,37,.13741088,191.95
9335.011469498046,38,.012682282,200.35001
12682.63751088128,39,.12195094,415.5
13132.8606144586,40,.066824071,254
7375.601709103524,44,.13151388,978.75
8435.910421957497,45,.12930176,1441.25
10647.98891365559,46,.057023264,1112.2
14246.18321217228,47,.32246536,1626
3567.722444206951,24,1.2000459,167.41
6276.874110731911,30,-.78649998,24
8209.620436494348,31,-1.3333948,1.8
9145.056059030861,33,-.72141373,20
10288.77466054493,33,-.68194455,10
8122.498035679684,29,-.69578189,3
13322.95189938768,41,-.3052021,248.50999
19320.42753203626,42,-.31602305,409.89999
6897.485563090599,25,.55937314,240.8
8140.961810532971,26,.48129109,267.07999
4373.964817732305,27,.72290653,312.10001
3588.179713607437,28,.7035287,264
6877.002845346325,25,.2601988,11.1
8140.961810532971,26,.18326835,15.05
6917.436329149673,24,.046493459,47.27
8423.357231943566,25,.51561141,14.99
5427.777440965845,23,.43624309,11.94
4060.073670527132,23,.29658696,51.700001
3697.701730539382,25,.91806692,28
6273.788159000367,23,-.72659492,2.74
7234.356827140019,38,.0992544,376.31
9270.574938779891,39,.033111695,331.10001
10227.97335589573,41,-.034185488,290.48999
6843.87980681612,24,-.033935856,0
8869.345478084781,25,.358897,2.5
5019.742110843798,32,-.16470869,205.38
6891.349482067827,33,-.2001694,211.38
7171.666454184401,34,-.082654774,293.12
8402.792300771916,35,-.22272529,283.53
2085.606895758466,44,-.5142138,4.8299999
3962.726055811405,33,-.29278442,418.341
5085.746886111887,34,-.94822252,398.00299
2412.246601617554,35,-.61658615,445.38
2728.07561712068,36,-.80056798,410.04999
4730.462672116334,26,-.90520847,0
3714.783979916139,29,-.0059453482,109
5983.944037139754,30,.091720715,100.48
9170.744117855358,31,-.3887403,115.2
8700.29335135542,32,.1260135,290.88
5633.857980403468,25,.89930761,15.4
9061.293088547462,26,.69014341,0
3730.304875535774,24,.013528603,0
6031.981616524282,25,-.62462914,0
10158.06393842125,26,-.73259801,0
11459.34969334249,27,-.24089743,0
8172.622957584703,46,-.067189552,111978.65
6739.555107165173,43,-.51522422,133.5
6503.27527943624,44,-.67264968,137.25
11031.46507704989,45,-.096882775,25.075001
25844.28237628437,24,.24776493,7
9546.427788932035,30,-.40471548,3
16900.76678276627,32,-.12735181,241.88
8933.78294418005,41,-.6107015,301.22
11999.54919228758,42,-.23295462,38.759998
17674.61146262911,43,.186781,59.099998
8964.66687727962,24,.10417837,75
11151.59240915893,25,-.12286564,107
11967.4454246752,26,-.364326,197.89999
4246.946618904706,42,-1.5750413,11.405
5988.654510842546,42,-.72607023,11.925
3969.805876502233,45,.59502149,792.71002
6097.773070661141,46,.26597607,1211.6
3818.583542600504,38,-1.2419505,0
3404.698196849871,36,-1.2698554,0
3038.600433998221,37,-.95027471,1.24
6370.112651726358,25,-.10505268,0
3369.667431867607,34,.1584046,186.31
4804.394060481528,35,.17562942,232.92
5408.085735782214,36,.090875469,265.12
6072.676361005882,37,.14180563,292.55399
5229.819405017653,26,-.51600087,50.700001
6742.510306646848,24,.24620193,0
8422.360586910976,26,-.90297824,7.7800002
8969.308716725909,27,-.2201661,7.467
10973.12342628423,28,-.29176858,2.4000001
10312.76237693324,42,.10574085,497.98001
16283.51661215297,43,-.41786754,509.39999
6439.170123159224,28,-.058895338,108
6439.170123159226,27,-.20245877,103.4
6910.309171729179,34,-.55518615,659.65997
11109.37305190072,35,-.12435377,298.60001
20863.25898540886,25,1.0645924,41.299999
17551.44590562271,27,-.11879048,10.885
17959.66342110632,25,-.17002706,10.885
19817.49483563207,24,-.16559634,10.885
7255.745344086395,30,-.80866611,0
2501.910719766682,28,-.14676911,8.6000004
7452.695660265629,24,.062575907,9.0050001
10420.90001987959,25,-.0092854984,3.7
15951.93739740057,26,.52164501,94.050003
7748.056910796509,27,-.035970148,14.41
9025.316788251186,28,-.74935257,0
12342.13652487409,29,-1.4297631,13
14607.0108377868,30,-.55190897,3.55
26004.59143356254,31,.011977575,10
11769.57905113867,31,-.65322906,150.60001
16732.19651419923,32,-.60186243,180.7
8934.197146190714,29,.70759916,2.467
12447.40803140215,30,.93279439,191
4403.711584075392,25,.38057074,1.5
8098.328091919606,23,-.2263255,0
7444.279920125143,30,-.12927446,137
7533.565869940263,31,.18307407,294.19
10006.55382214018,33,.2543641,328.23001
12742.07168264975,28,.5707857,44
8964.666877279622,25,-.6634388,42.599998
13528.12691483418,25,.35457519,4.6999998
14953.21356320114,30,.20545647,445.75
6664.368218198498,42,-.019512683,526
4067.935106994381,43,.52672338,580
7514.460836733731,45,-1.3310986,1234.38
6697.317855512606,29,.071368627,264.39001
8725.674908912682,30,-.037151124,303.06
12518.9628405436,31,-.016205937,323.67999
13633.53921702449,32,.16425021,320.67001
3477.053459829508,27,-1.018072,630
3948.358563870133,25,-.042917859,43.5
4130.864345160536,23,-.29492626,83.199997
8953.538025941649,42,-.92052048,14.4
8622.97803667142,38,.47604463,6.0100002
9699.413216098441,27,-1.3472055,146.035
12840.56693750505,27,.13533109,2.0999999
16238.18735116859,24,-.17896976,95.800003
6400.652416202932,27,-.42633691,5.4000001
8805.559075453157,28,-.3410067,5
9092.020216840734,38,1.0344,552.34003
2408.25992660052,34,.12933733,241.7
3522.126284105965,35,.23114352,217.10001
2498.310948967031,45,1.0847375,835.65002
3837.500799956425,46,.72647178,900.19
5543.462513033238,47,.070486009,945.40002
4799.543601433726,47,.64170349,1443.1
3224.684060450975,33,-1.6188701,82.699997
7212.550207002129,36,.32873544,40.5
11048.33270720753,26,.028462246,13.8
6339.636269611053,31,-.97705954,35.299999
5201.838574850972,24,-.17248151,186.2
4665.204285306952,31,.12114909,154.23
7177.623911483156,32,.26002821,168.33
4908.747178982997,44,-.48838481,166.89999
7943.284395017702,45,-.80053347,3.78
12205.98632640319,46,.29784617,50.5
5224.235695671953,38,.19137293,557.97998
8255.599533610339,39,.26440969,495.17999
10458.05799804975,40,.27951092,499.42999
5047.470897856397,26,.16741501,347.20001
6434.927339869458,29,.11797801,168.28
3585.820317610622,30,.065853789,246.11
5003.295601352768,29,-1.1023568,25.700001
8186.690684524525,30,-1.2610863,51.5
9721.984326937898,31,-1.1816957,11.5
12017.33514722862,32,-1.0041406,8.1999998
5449.586788125057,24,.53715879,5.1999998
5615.748488745616,45,-.053583559,319.5
5341.004039432372,46,-.041758128,392
7444.770190247861,47,.24981843,403.29999
4936.731659956135,25,.90942007,168.28
7025.479527425232,32,.13329925,68.889999
1800.233505316128,23,.15261288,3.5999999
8063.175187475575,25,-.75647676,2.4000001
10878.52420865024,30,.074918576,237.02
4676.366069950514,39,-.36437926,188.315
5144.477129257905,40,-.40756533,148.67
6522.531228712101,41,-.49467969,151.39
7290.231092623511,42,-.47596818,165.21001
7325.543799653325,32,.80853832,191.39999
4849.308591384091,27,-.078577004,16.629999
5624.266632763891,24,.29940543,231.89
6312.143586323371,31,.4106825,188.97
7118.69473386313,32,.20327605,197.46001
3497.965462962518,30,-1.2104009,0
2227.057442595479,33,-.16649675,90.5
2816.837540109022,34,-.36733902,91.889999
3553.446215314723,35,-.30124995,94.660004
7649.959500776069,29,-.23710786,187.60001
3504.935199319258,24,-.085609615,3.0250001
3281.424392037829,29,-.35687771,176.25
2846.550491891299,45,-.093844861,136
2320.422141170702,24,.45464927,11.4
2611.862389642394,25,.22031204,33.599998
3552.852300896696,26,.24510612,67.879997
5476.257595141426,47,-.66724145,110.516
4014.934037794801,46,-.6240679,243.44501
3722.576991902146,47,-.19411643,262.78
7870.643132056676,23,-.2365998,4.5
4698.893703381754,36,-.24106538,93
8062.33716529836,37,-.39476192,19.5
10054.86139410769,38,-1.1030642,7.4200001
2196.559786342673,27,.14368111,182.8
5912.362562165153,36,1.0050215,1326.3
6255.444170879044,37,1.1390332,1592.9399
7372.648878394794,38,.95370853,1783.1
7676.206071250771,39,.91268504,1475.05
6261.163730573869,33,-.47326636,214.8
6959.202864912512,34,-.50312269,74.650002
12106.68999609577,36,-.40278038,164.25
8917.18343186651,36,-.50614727,134.75
2926.47527187766,34,-.19696927,205.655
4093.424848787527,35,-.29109475,220.08501
4724.292577589887,36,-.33964962,226.32001
5938.363838631168,37,-.17093971,265
7160.519709006979,24,-.46707797,0
6249.428970390717,23,-.30014476,3.8199999
6665.890845194387,24,-.48981535,0
2501.081319768833,28,.55889004,109.05
2281.281602184554,26,.12245476,170.60001
2646.205728319113,27,.078125827,134.39999
5407.404757061042,28,.40455124,185
2357.186082975699,25,.0082777124,0
2701.827204305675,26,1.3628689,15.65
6744.489808682015,24,-.12641232,72.5
7465.644280167945,25,-.29389602,223.7
5191.714865847775,26,.38005507,827.40002
6405.073651604921,26,.53891689,737
5045.126333646778,25,1.1776751,268.97101
5191.484393825395,28,-.83779931,0
4385.167710692208,25,-.11648353,170.5
6406.833344906351,26,-.17200337,143.53999
6824.539930977277,27,-.093645543,155.2
6198.779232321674,25,.33001602,0
6969.24372694413,26,-.038591672,28.700001
9041.759435764459,27,.10680994,16
9216.126989692066,28,.050697055,49
10211.20669493942,23,-.2247223,0
7215.798737611724,25,.58385503,31.367001
3469.769422859065,30,-.74115574,0
3529.105662964945,28,-.33677462,27.799999
4558.9119186065,29,-.1415873,0
5290.161785161331,39,-.34234113,33.700001
7496.953573610846,40,-.49546987,708.45001
13763.62343499003,42,-.19909754,415.82001
4957.962958128045,24,.40849641,12
10344.90327599215,29,-.018962458,193.521
3005.723296522259,24,-.13393581,0
4946.793118101889,29,.27976927,513.38
7106.30720175767,29,.22092666,265.04999
8658.700033258725,31,.78024411,315.19
10930.43947626542,32,.25035879,546.52002
10067.01003887771,24,.19191767,55.5
7942.77100767203,23,-.23490721,0
6996.30270748711,24,-.30648962,0
7496.234680833723,25,-.59898001,204.7
3391.175700325953,27,-.5411815,198.3
4103.644341055021,28,-.6349538,201.5
5644.948906781373,34,-.015772063,276.70999
9916.795245779331,37,-.02571483,274.17001
8187.297407088092,37,-.093699209,266.84
1321.628055472075,23,-.4866544,0
2962.544516600323,36,-1.2581171,1.03
5356.689107872923,45,-.46003482,234.17999
3612.142234928435,43,.24500978,805.28003
5123.181999772117,44,.026068853,668.69
4148.742805956947,43,.8645336,782.90002
4672.046537533576,44,.712605,256.54999
5159.299757180575,40,.36432183,898.28003
6936.023265484273,41,.16347952,721.54999
9463.876207537798,42,.43676794,922.53003
12984.73169204324,43,.48116621,1034.48
9459.269328710341,30,.16945465,140.77499
15000.78343317869,31,-.026648326,467.26001
6233.391693332543,23,-.46469793,395.80499
10586.9253668731,24,-.63697684,112.285
11778.94245940117,25,-.57643974,62.66
10773.589694357,26,-.68031681,64
10082.11879965852,24,.064713717,4.3299999
3637.58039985788,31,.62474233,241.3
5300.087086520734,32,-.063553691,189.8
5749.136818706073,34,.45451909,121.09
9286.686203701107,35,-.5610432,160.25999
4803.447025548677,27,-.20783964,6.5999999
5799.913293810965,28,-.087219521,5.6599998
4127.596065823762,36,-.57482898,91.080002
7147.161861521367,39,-.42464176,95.460999
8595.302834497345,25,-.12715943,4
16404.13497144616,27,-.33484289,3.8
4231.794116206006,32,-.25625795,8
6101.293966373304,33,-.2555117,25.129999
5655.570463198949,27,.72637707,20.5
3904.879931775218,32,-.19587561,311.14001
4831.08881695278,35,.43876234,21.219999
7368.966628620252,36,-.15997262,44.875
6494.789290303413,38,.34532925,37.485001
14242.30139282461,39,.30214497,106.05
7136.983743051213,47,-.30313724,63.305
5505.903296674577,24,-.15650761,10
3783.791279800226,23,.020519985,5.0500002
5795.637973280098,23,-.63802087,2.5
3259.433689122968,24,-.27759907,0
4118.281317370156,24,-.2284801,0
6247.139550391878,34,-.25207159,54.43
8206.145324392795,35,.032119323,345.29999
10331.29818773832,37,-.030020682,389.89999
7096.479962436018,30,.055452585,134.94
9642.419277137811,31,.14367913,162.12
14114.86144997576,26,-.2990419,316.60001
6341.697529032511,28,.20237678,338.14001
7786.644519969081,29,.66030806,381.88501
8900.168643294999,30,.0056611113,412.28
8979.458843091072,31,-.17246176,503.62
7507.09879519289,23,.81435639,24
25489.37205703781,25,.11180021,15.08
17527.50939200288,26,-.55007267,32.59
5801.35848935245,25,.37148198,116.62
9221.707982735568,27,.41058928,101.22
5119.93624568887,40,-.42047793,642.40002
5703.559279112513,32,1.3268777,21
7476.108141010643,33,.12729549,2
6503.265910834991,23,-.37264809,0
8942.906200558704,25,-.51998365,0
10835.82157883037,25,-.13614719,7.5
3255.642402664509,25,-.48294297,6.0999999
5249.046946607767,32,-.87027353,47.200001
8538.831385543881,35,-1.1112287,27.5
2741.473269767773,36,-.8156358,0
2151.019503088401,34,-1.0686493,72.099998
11211.22942326492,26,.79948056,372.98001
11136.96757246536,27,.74223566,71.550003
2794.057642193084,29,-.41008508,141.50999
3276.421482793633,30,-.83439773,108.1
2855.187447479688,38,-.38042563,84.5
3934.736473369789,39,-.065552555,229
4279.146425786,40,-.078402087,201.11
5466.73570475061,41,-.079740115,228.78999
4900.080934963074,31,-.46951625,62.5
6724.788004476036,32,-.33017528,94.199997
9191.361126163507,33,-.34808135,70.75
9855.074104762833,34,-.46214387,88.099998
9709.360345305675,26,-.52007312,485.20001
5547.523153954616,30,-.18776494,149.91
8982.436460996207,34,.15748629,144.10001
11007.48201664542,34,-.30595264,147.02901
14051.41849391346,36,.30966941,155.2
19189.62566126274,36,-.38054621,176.5
4626.197605016172,30,-.41872084,108.93
6763.92758663294,31,-.41016951,152.34
8491.794890767671,32,-.35204762,101.76
9531.405448530259,33,-.41059306,103.23
5290.377368515409,32,-.71378589,87.010002
9651.023696659908,34,-.94833851,305.32999
5099.21358810506,27,-.5862202,172.89999
5561.26620419777,23,.4329617,8.0600004
4891.012829915244,24,-.48697862,10.91
4986.639890141859,31,.45950559,140.45
9154.218738474092,33,-.13992786,117.36
4974.044882521405,23,-.28532636,73.099998
9265.708440838844,34,-1.0361266,0
13992.45359376897,35,-.49092147,5
8374.484018247807,34,-1.0435889,0
12435.29155631312,35,-.47319672,2.5
4108.954881119404,24,.70662588,18.299999
5422.524885153077,25,.40987581,249.39999
4583.817282092704,29,-.59398448,38.560001
6704.28958240808,30,-.76914197,15.081
9237.27132965318,31,-.86835235,19.110001
10705.39288014245,32,-.43909404,23.43
4209.671616952374,28,.78316581,53.549999
7581.198331944314,25,.25715831,0
12660.96696795324,26,.41833913,0
2722.455255952203,34,-.26165879,27.200001
2769.751740058761,27,-.93250883,70.300003
1208.317758140341,27,-.21264321,14
1678.823576314676,28,-.31836933,10.5
1451.553626220382,29,-.23062354,0
5993.479556251153,31,-.19870569,27.950001
9499.843493470864,34,-.1430054,4.1599998
5815.357730672819,47,.32903817,457.03
7149.250990984406,43,-.58264619,174.88
9806.315467535387,44,-.4336127,191.27
10120.75781500241,45,-.53939229,186.63
3057.794072918294,27,.70837218,115.44
4123.185113401178,28,.49550751,217.97
5496.840632002964,29,.45823947,259.39999
6072.743517396488,30,.2331098,192
4949.832810998,30,.10684931,211.10001
12962.92109467681,30,-1.0929245,0
6334.068195143215,41,-.65625441,39.5
5071.593889388129,33,.030820645,214.10001
14923.28020133964,34,.17271256,299.84201
24336.40277814915,35,-.14222986,290.70001
6539.692236001802,37,-1.3063167,3.4400001
8333.044012487795,38,-1.0507175,6.2849998
9787.454034509748,39,-1.1407324,50.209999
9480.360825711376,29,-.1716489,266.13
16676.11945818609,31,.5694654,129.89999
17737.97984389352,32,.6533277,202.05
5915.69428357095,25,-.30226323,270.31
8674.250413436357,26,-.37127531,0
5494.021009289253,27,.26749372,50
5376.131234038624,31,-.44266701,10
2026.954472493524,42,-.51741856,199.905
2361.206885739185,43,-1.1216831,198.07001
2480.852572237483,44,-.94275832,107.67
5034.550378570995,37,-.28803515,222.5
8543.501639265432,38,-.57388562,83.690002
6947.244622129016,39,-.3119213,144.175
1567.1585942653,40,-.61405754,87.735001
2049.39928932973,41,-.80934227,222.19099
7360.001392880757,24,.36638474,5.0700002
3538.903796960235,27,.26180649,62.099998
4941.443643759781,27,.39855096,62.900002
9880.708101895327,34,-.59582734,243.965
4312.872139119623,42,-.017919848,287.84
6288.914201885721,43,.22051977,298.20001
8531.382932845745,44,.033961233,143.5
2964.411546144301,24,.50286853,157.5
2079.618338715114,25,.85042667,407.78
2079.072033577907,26,.94852018,176
6162.776840874592,43,.18603133,230.83
7017.169074588979,27,-.57227963,5.5999999
10914.50796367085,28,.54904729,144.67
4575.762534876015,30,-.86931765,0
7061.834760440009,31,-1.3204976,0
8816.72390386249,32,-.58747023,4.006
14497.33152450202,33,-.58148485,1.041
4347.34578288638,29,-.67967713,16.75
4347.34578288638,29,-.090989217,191.39999
6057.486731261189,30,.24723977,108.96
4347.34578288638,26,-.52267873,26.299999
4347.34578288638,26,-.52267873,16.9
6057.486731261189,27,.64042008,0
3548.067518559133,24,-.0053452915,8.5
5007.111275156759,29,.62591445,397.67999
6238.048946981705,29,.74205655,435.29999
7445.415931967732,31,.58866197,432.20001
8939.802210239583,31,.76368022,446
5169.43770526708,37,.029340791,82.849998
4974.044882521404,25,-.49575272,3.2
5585.29879869661,26,-.50652581,7.5999999
6274.774847470304,27,-.82816809,0
6784.714429917012,28,-.99271113,5.3559999
5529.813861711049,35,-.85148948,25.299999
5758.843210024228,37,-1.0817537,0
6291.191815632204,38,-1.1446233,1.086
3343.989773979363,31,-.86553228,14.401
4414.906925286978,32,.41484398,21.530001
6673.469036634368,33,-.10205142,391.172
7791.515834425102,34,-.57716334,85.400002
8606.205016924901,44,.36874831,1330
1763.436401834612,24,-.20264135,102.9
2714.017259009149,25,-.38876653,147.10001
2783.009835268469,25,.46728939,106.82
4024.252136385722,30,-.24147069,201.39999
5563.590004967118,31,-.20164409,222.00999
7229.315890719095,32,-.03801864,202.14999
10170.971445901,33,-.053978246,251.575
3169.314313030709,35,-.34988806,0
4567.998544316887,36,-.96341377,0
6298.95441539402,37,-.70701903,0
2718.8714068804,28,-.3777445,0
5464.742403713648,27,1.1810381,67.699997
10580.28698993886,27,-.57227963,218.89999
3002.961744359035,38,.2042276,271.66
4514.788634330816,39,-.18838905,271.92001
4793.167732663602,40,.033353839,172.83
7358.717989971249,41,-.41351485,394.35001
3797.687081003997,27,-.22848007,68.067001
4824.906056656281,45,.27130964,714.38
6572.618864159181,46,.48792091,716.15002
8254.498395273851,47,.40298542,706.59998
4579.633461444465,23,.026479136,4.73
4553.365199249753,25,.20305857,9.8999996
17181.85259671906,24,-.91219664,18.656
4193.345160608639,26,.61170483,22.110001
3286.162040344418,28,-.13558534,209.2
4626.197605016172,29,-.059356321,154.82001
6461.543878569489,30,-.073787041,161.19
9432.397604958909,31,-.12903376,217.86
8284.656443503767,23,-.41808572,3.3
9702.53917743778,24,-.26191542,12.7
2098.235884854433,47,-1.4239293,0
2980.345839014558,26,-.47577441,525.40997
4375.139920654113,27,-.19161786,444
6127.152078581797,28,-1.3873242,283
4318.464672279156,23,.44108117,25
8759.620270905201,45,-.044522449,513.15002
6235.359125619266,36,.10806386,658.40002
4626.197605016172,28,.34688732,251.33
6432.689689572818,29,-.028388074,294.09
8129.75659668668,31,-.033501338,235.69
8939.802210239583,31,.10748197,237.42999
6399.460658569927,39,-.38248914,75.099998
3647.360956643952,24,.26533625,0
8403.21453009339,26,1.1992673,41.799999
8804.514378740721,27,.26268914,319.20001
11654.3855037436,47,-.96018243,108.8
14875.23506465714,37,-1.3056679,29
3128.166597468647,29,-.09072575,345.375
4824.154343219527,31,-.32429433,317.987
4527.992649229406,32,.67613649,346.97
2981.204065873264,29,-.3148858,11.19
2428.749769486317,40,-.25467739,206.25999
4241.125623621713,30,-.56471819,0
6015.449942268781,31,-1.0898052,4
8090.639348932527,33,-.72012836,1.85
4014.279498303366,27,-.68818325,3
2633.718652478503,25,.65593845,307.89999
2494.688125932341,26,.49224174,309.02499
3027.68408755339,27,.74725366,324.34
4573.245761632053,28,.49703184,345
2618.608740652944,25,.14056975,65.901001
2494.379786559694,26,.0052036182,2.0250001
3027.684087553391,28,.37421077,20.440001
2238.009993228261,27,.23222454,9
2645.181297832297,28,.49122947,20.440001
8066.836570827858,31,.16593577,265.10001
4168.434758433526,23,-.4984518,8.9899998
5326.101513684454,29,-.85839593,54.18
7453.273471588433,30,.099266708,20
7887.930943716487,31,-.056491796,18.700001
8305.488052507853,32,-.45923325,20.6
4839.339727407621,33,-.50133562,6.5549998
7841.754882337093,40,-.50362736,48.5
1918.965639131483,33,-.39787358,6.1849999
6281.59101329739,26,-.390086,13.8
10048.24232014372,27,-.35218066,5
11034.74050956757,28,-.4656685,3.5
4944.655575495271,33,-.84697419,0
11727.52875379087,23,.030681483,13.1
5995.285163437201,27,.55923301,71.300003
5627.87076662893,24,.80742532,234.8
1323.305073895848,38,-.099615648,75
1721.313725832782,39,.1538644,82.5
9391.72386641662,31,.17143618,290.54001
16357.22893386888,33,.25968549,190.10001
1323.555194021753,43,.20942046,328.5
1390.195098305208,37,.16114224,130
1808.322171132662,38,.062780119,204.5
2572.863049860135,39,-.54281473,176.92999
8698.462276482205,43,-.17626625,95.410004
12570.47341960664,44,-.31191349,342.48999
15086.80724123229,45,-.30000466,85.239998
19049.01316534436,46,-.15681951,87.339996
2572.7997054591,47,-1.2178075,125
3169.773308420632,24,-.025146093,95.125
4614.819810679784,25,.55491185,4.7150002
3589.289571240365,28,-1.5322723,0
4861.331423094153,29,-1.186379,0
6137.292016443112,30,-1.0822232,0
6593.970807519357,31,-1.0482568,0
16034.00367406324,35,-.28252932,217.92999
19263.85483683379,36,-.83414572,262.45999
2144.057240435802,24,-.49960455,6.4000001
3057.305725576871,25,-.19154881,8.5
4073.072703689635,26,-1.2263242,279.5
5332.461971970349,27,-.23133457,317
11753.02316874382,29,.066883445,4848.7402
8767.392250334718,29,.12886919,437.5
12122.99230047999,30,.33160323,394.60001
4955.865632678068,36,-.15673912,471.20001
8286.13147418804,30,.11093915,484.69299
6018.096490818698,31,-.83128774,301.79999
8085.101540695948,34,.52846724,314.39301
12408.87354192641,35,.59014612,147.39999
13396.60876308474,36,.46325266,240.49001
14465.8586698705,37,.50819921,127.7
9394.178338388609,38,-.59368771,200.37
6524.765304318975,46,-1.0504376,373.89999
906.08380086249,24,.41117561,10.77
817.3928030602206,27,.74337542,408.20801
3981.422438364872,26,.50650096,230.66499
4650.600519754903,26,.59740561,248.33501
16380.47824496988,37,.13893941,426.79999
3434.816744753828,34,-.42454231,282.89999
744.3388611615859,28,-.56031251,30.299999
7913.214936782527,38,-.70571846,286.10501
11294.74700822206,39,.22507495,362.32101
13941.44719317293,41,.027566649,610.47998
17579.73022796985,41,.33958381,748.02002
3524.874836451346,36,-.27281025,129.24001
4413.821167997326,37,.40053937,151.39999
6030.376150007708,38,-.31709892,113.08
5712.96412344076,39,-.27338368,181.98
2719.745286577747,24,-.36440232,4.1929998
2500.676838851201,25,-.69547397,12.2
4241.035374903598,39,-.30247214,0
4185.842979934495,40,-.24507926,5
4819.500235000939,34,-.068498313,126.21
7443.613838108721,35,-.069874443,122.891
8506.324196431044,36,.014456157,194.345
8301.448666903749,34,-.73936456,925.67999
17005.87574198666,25,-.60386884,0
5154.276956797361,25,.37085161,206.89
7565.118599775378,26,.39549869,187.64999
8173.51179485163,27,.90303212,0
14857.67588120422,29,-.97035515,2.4000001
23988.39199528551,30,-1.3964199,0
4963.693971136633,33,.63935184,58.98
8650.340455254149,36,-.87090224,338.03
6314.399406668716,38,-.2279698,346.39999
7555.346990300205,39,-.30409867,225.7
5956.63524528305,40,-.27775553,180.201
12209.04581523828,26,-.59331375,0
14518.98390935841,27,-.65481156,2.46
14929.07710200034,28,-.65030676,4.8499999
9482.064219534272,27,.99836785,259.01999
13601.00490171064,28,.33794072,214.55
3584.528288442354,30,.084964253,150.8
4687.398925478465,31,.11216541,137.73
5579.230944305535,32,.074529335,174.39999
5695.382912709807,33,.22061998,153.88
17516.13658043946,30,-.022092484,248.7
4756.610569046142,33,.48504329,145.3
5380.257383368606,26,-1.2666322,1.575
5634.579087138907,26,-.82197005,1.1
3180.322748419053,27,-.52278239,6.5599999
3512.833690849984,28,-.61034763,11.4
7096.412396805108,46,-.079269066,647.08002
10452.52190958648,47,.67071044,2487.981
9691.720109354192,24,-.096558452,96.800003
2871.405721727493,33,-.029167444,83
3185.450498323788,25,-.016182821,4.8000002
7261.570320650863,23,.46213481,221.19
10764.94544905669,24,.14713271,172.16
12384.88975627854,25,.15486486,180.2
3606.405042082242,23,.60038447,43.599998
7135.990270759758,23,-.51688153,1.5
7775.432856343331,24,.18934853,0
1273.28959467637,36,.047713235,108.29
1611.279276504713,37,-.80932432,143.23
2187.178479056092,39,.89182228,167.14
9030.169430192047,23,.34776059,25.6
3056.141181329973,40,-.19843049,332.29999
6868.671871767133,23,.63049364,1.1
6619.219463773668,24,1.6045135,0
19496.46360997334,33,-.42156079,391.84
1724.41296227987,26,.085569747,54.299999
1739.6442736128,46,-1.3430504,4.5999999
1357.174029854333,26,-.73309189,0
6745.060315535303,31,-.065168805,166.8
14172.2715664761,33,-.20580006,52.400002
13479.60587967097,34,-.24366543,1.45
3443.46725595244,29,.3855505,247.03
2534.120831449358,34,.61233866,51.18
3138.836225229523,35,-.53358728,116.727
11512.48149493409,25,.051122263,13.8
2253.875344416354,26,-.46261379,5.7550001
2841.863264498107,27,-.42095742,1.8
3082.840689517845,28,-.27780837,38.5
6206.000369873545,24,-.75568336,0
14851.58477861807,27,.32371762,0
3077.885097740171,23,-.29207367,0
2018.252982094755,24,.37321201,127.85
2955.270293538538,25,.049534559,129.72
3582.392689613353,26,-.064326555,216.63
6520.873986693866,27,.083048455,249.00999
6538.583876870878,47,-1.0823241,156
7884.168228222738,47,-.74102509,395.10001
3545.616449766168,28,-1.0039935,48.799999
1605.113218870153,37,-.2201408,15.4
1809.42661367782,23,.18424223,27.83
7201.343410232326,31,.94622093,582.28003
10442.43859824843,39,-.84712583,457.02499
3048.179001192929,38,-.034782473,648.16101
7632.124510533181,34,-.43368232,184.8
2885.889501169454,23,-.1289864,0
3419.139833453175,34,-.10618319,84.400002
5080.791123295531,28,.25258848,1003.03
6567.832875558473,29,-.48832971,351.14999
10664.49928939056,25,-.44360152,55.5
9573.711398017829,43,-1.2829131,11.26
10335.96939987126,44,-.34160483,5
3695.609142937372,25,-.75585687,0
8353.196915963696,42,.044266619,159
16719.11893359539,45,-.36923096,167
18852.9347428108,45,-.097879887,865.79999
5623.758422980339,24,-.52279347,8.2299995
5224.930183556998,25,.31967559,11.47
6894.657072893995,26,.62399167,1.5
5747.208162025152,28,.042614188,7.9200001
5384.245383566716,23,-.29652599,2.0250001
5418.204448460051,35,.042347025,99.900002
5896.640637914224,44,.057936888,122.55
7685.946397039475,45,-.59093934,248.998
8719.768223925281,46,.030817902,115.945
5858.324897894239,26,-1.745643,2
12992.69481817201,28,.096960239,12.2
3812.196734131895,39,-1.759315,0
5448.740288964738,41,-1.2177612,0
7048.235590069919,42,-1.1936352,0
8098.255517919606,42,-.81059057,1.498
9124.752307373188,24,-.1178192,11
9714.691796538365,27,.0087581798,1.8
5492.679729396965,41,-.82849073,228.49001
7058.339142378781,42,-.10106107,235.42999
8572.007477168778,43,-.42709279,296.85999
9293.415665126447,44,-.62239033,313.89999
9852.061647442179,34,-.57978696,60.799999
4527.200646014767,46,.53714073,423.69
5284.306189213085,47,.56745905,427.63
4026.012495326554,45,-.34228817,26.299999
5272.728963810776,46,-.81075126,15.4
5903.767174634476,47,-.30809435,9.6700001
8534.656492810431,26,.56469977,13.06
13301.6050607947,35,-.29035658,82.900002
2892.294354528047,26,.25793424,0
7830.958890228331,30,-.18993554,141
6544.530636391908,31,.35894272,328.26001
7657.497503675266,32,.51050335,176.61099
5805.636701358525,32,-.23197545,115.104
7675.912871970501,33,-.037873652,132.8
9453.995876438838,34,-.14549744,134.05
6998.281390823485,25,.32564175,23.5
5102.097464674574,25,-.19086561,78.5
5279.98438815933,24,-.52355587,8
7253.060309169559,29,1.5577401,360.29999
10503.68686496382,30,.59961408,531.20001
13624.2569522862,32,.34687075,533.5
20683.68061513852,32,.018298449,631.29999
7817.057141760181,46,-.90274191,102.32
10527.50581281005,47,-.78050131,80.739998
5005.172539190829,41,-.54738975,174.39999
6335.939402486235,42,-.67399687,195.58
6548.154407671819,47,-.51929748,665.15002
7203.250838479634,25,-.24294935,1.2
7149.635243191412,29,.4321726,175.325
6990.217735232633,26,.30707321,224.39
3347.155082777577,29,.58463615,31.5
6489.516596461965,27,-.30955389,11.88
9781.890199456557,29,-.94381541,24
13922.83439973906,23,.19015855,0
5418.204448460052,31,-.32840052,189.48
3714.336197460878,36,-.57948667,109.87
10623.04301464925,25,-.76251012,7
2033.097141027618,29,-.58824927,28.4
14537.51349358537,27,-.45982304,5
5085.885334992523,25,.026880411,12.7
6774.809682926236,25,.069610558,0
7102.833643280451,39,-2.207839,209.91
26502.98833336384,42,.36250362,158.35001
5091.116848816994,30,.050681282,33.099998
5770.29851397196,30,.11080974,39.799999
9085.73879908967,31,-.24210271,0
7401.229096471366,26,-.092656389,11.63
10899.04607967819,28,-.068318367,140.89999
14166.39107342215,30,-.14854442,383.62
8776.790617794029,25,-1.5784252,2.2
9971.101857796515,28,-.58301705,5
12231.66361828269,29,-.44300684,14.06
7387.434795173492,24,.37357354,0
5246.38427750672,30,-.11639316,111.13
7248.647784247155,31,-.16745219,100.848
8662.285530600142,32,-.080945849,100.6
5505.399369972866,33,.54131824,5.5700002
7916.671190204094,38,-.11501719,265.84
10993.54052153231,39,-.31202224,331.06
9279.176241183899,40,-.092291579,337.89001
7435.631145830642,26,.11826687,4.6999998
6089.804787825346,44,-.19696543,278.32999
3828.008453974611,40,-1.1367297,0
4942.052376744226,26,.24658567,3
8161.377036128172,27,-.079988189,21.299999
14154.71993062063,28,-.067523554,10.525
7266.911293790837,29,-1.4686302,0
3671.022218552935,40,.12766366,0
15922.30975892182,23,-.50272185,3
6920.000311494284,28,.53498811,191.33
10139.9813146726,29,-.053911556,252.07001
14069.40506357466,31,.27732897,206.60001
5053.282772640679,30,-.3184641,331.01999
6982.043632843929,31,-.91444045,342.38
8329.909046030358,32,-.54685271,327.42001
7708.361598184852,33,-.35189223,293.78
1048.895819292032,32,-.15441333,205.021
1403.97725630075,33,-.070965171,180.17999
1540.206766734532,34,-.16148721,242.57401
1592.528940537314,35,.000043461296,203.50999
1225.943709309618,24,-.35120636,0
5684.370824234838,25,-.99360555,0
5068.93276870355,25,-.22924143,0
5185.95716936978,24,.12802342,196.72
3240.737254230082,38,-.95546728,11.44
4798.133724758835,38,.067716002,135.2
3108.208489284249,35,.73276031,174.19
7212.006534216877,25,-.40375894,0
10866.44056882771,26,-.34415922,0
13017.76224187697,27,-.091477834,5
16729.22552676961,28,-.16440399,2.5
1854.609683813607,32,-.29196936,48.009998
4306.221529112547,32,-.17015892,45
3362.893664220095,30,-.20701571,151.39999
2540.468933797744,29,.39632371,0
1261.221514279342,44,-.51556396,803.59003
2077.839097181034,46,-.15605506,1145.5
2545.447569103956,36,.24781293,329.98999
3484.127347441491,37,.71248144,328.98001
4125.851948800885,38,.300203,379.73999
2643.121297135057,41,.24700788,148.11
3903.015254015766,27,-.43776828,0
7260.293176780137,26,.25039944,70
7233.812653442128,23,-.089549676,64.099998
11633.84300992344,24,-.70095366,0
10430.0622382419,25,.85980356,1.05
4502.051275935044,47,-.74198669,0
7792.527690986113,29,.51277769,174.401
2305.653068873052,33,-.86206794,29.396
2426.53619415592,34,-.796134,53.168999
3048.404885632464,35,-.55106813,96.109001
3461.373664239494,23,.25362736,15
1180.31012305316,29,-1.0983516,8.79
1965.086793898521,30,-.84195775,2
1172.141705974422,28,1.0088593,0
1864.976980333785,29,.69598049,3.6110001
6072.346969736154,24,.78741622,10
2132.777244682569,29,-.57375896,39.900002
8894.403383168778,23,-.48665363,4
13382.77133182314,24,.03376488,27.372999
16567.88838815032,25,-.086738065,76
7917.197953476026,36,.49649104,348.10001
12760.57947889516,38,.039614975,410
9543.590412325388,39,.28467637,482.54001
1735.490859871778,35,-1.2116053,16.200001
2378.446748290947,36,-.71577257,1.5
7314.609904636228,36,-.067930378,126.51
9740.667212626357,38,.053623784,354.42001
12886.34948985211,39,-.039882798,236
10941.52078111454,40,-.10431943,249.10001
2498.03475707972,43,-.37100554,94.775002
3423.987409789457,44,-.54960817,86.764999
2060.705813602096,26,.33830386,145.28799
1853.440993741715,27,.82911146,299.5
6829.261057693928,23,-.036965024,0
18598.55969282173,25,-.4970836,1.3
4866.99066783405,28,-.11386688,243.89999
6418.74131465966,37,.085597448,510.25
12235.46744328975,38,-.14866565,70.310997
11972.41240788085,39,-.18828011,83.910004
8079.42456246969,40,.42011145,28.48
1683.957676267674,47,-.53770864,83.5
2148.986564686925,24,-.43142784,100
1446.022944546138,25,-.64552581,1.025
7919.689178941645,30,-1.0333592,20.799999
11826.38314172775,31,.14964707,0
1544.210226173658,38,-.28956494,4.77
4739.39755746617,26,-.48428378,0
1542.463009106659,31,.36605728,655.84998
2322.937759005658,32,.45567268,290.556
5130.802139961693,34,-.97090662,150
1591.865955594232,29,-.91149336,14.052
2903.564303531602,25,-1.0507538,10.15
2405.722547367774,39,-.24384218,521.34998
3580.472576432561,40,-.34654993,368.51001
4320.022729658093,42,-.28962898,336.07999
5899.657217823122,43,-.34841493,599.15997
2401.399102500138,27,.13711584,4
6886.0635406677,23,.20342495,3.8900001
654.5250070865985,27,-.47443157,0
8417.089801794295,23,-.27645618,1.4299999
11932.93800471155,26,.28395492,5.1999998
13533.67704867643,24,.20443155,5.1999998
3818.367005410511,23,.90888572,3
2967.946546272465,31,-.17794147,178.05
2299.680182700334,32,.46011859,173.748
5764.989337370288,33,-.26733786,552.64001
5185.95716936978,23,-.0046957843,83.459999
6907.54927115569,27,.41097334,206.7
9706.401115008182,28,.2388742,26.987
6034.174154397381,29,.10991633,797.92999
3810.440721940467,27,.30775532,110.465
6507.208163166317,41,-.073023848,267.60001
7784.56156803769,42,-.15400389,181.5
15663.05372523569,44,-1.0512942,70.675003
1618.46385160932,31,-.030398497,139.05
1608.770297368151,32,-.45007664,1.09
2907.978514837574,34,.022251463,135.25999
11928.17455869789,25,.40725145,0
1207.426230983373,30,-.31234449,25.200001
3783.94060685778,25,.91368133,213.63499
4244.028363372919,26,.86947805,179.03999
7188.102038805569,37,.51754004,1119.3
9100.535072777844,38,.42037451,1325.6
5243.737693675243,30,-.39972463,368.522
7230.989707802851,31,-.1164178,494.79001
12775.5311391988,33,-1.1641908,688
6273.060759931418,26,-.39026251,1.03
8276.194997169463,40,.36463809,35
8818.899303020344,37,-.051930197,576.29999
4872.27982730018,26,.70486963,448.60001
7440.701579871452,46,-.059700407,548.48999
8155.548122282778,25,-1.4245266,7.5
7598.215396625264,35,-1.3916163,58.049999
18129.43144941334,27,-.45483321,5.5
16337.50318146783,23,-.12450706,1.55
2790.130197935081,28,.51303071,195.2
2978.314370100167,26,-.62810272,0
2725.06565438534,30,.78815728,20.6
4673.029656178162,31,-.21460499,23
5641.377187385372,28,-.3456381,136.8
2404.283343748516,29,1.4020855,2397.3
17262.99551898547,31,1.1413902,2980.5
7253.359669928165,30,-.28595129,273.10001
7202.241770010165,31,.5821557,576.5
9945.422054220466,32,.758654,717.90002
13567.33993512174,33,.64012694,798.73999
19490.03792837753,34,.96245337,825.01001
10661.77845648786,26,-.35575143,12.94
23972.75540357837,27,-.08424177,15.6
37724.42934655802,29,-.32378995,10.05
10342.61607705393,43,.079841033,173.907
3086.619733335375,27,-.87329519,4.79
5344.790047865571,29,-1.0069932,10.05
18540.26584128014,24,-.0085107777,0
18510.09169178416,28,.015362333,293.841
11300.19423503018,27,-.1904615,0
17940.30174262335,29,.17624639,40
10914.55088376324,26,.057372056,71.309998
7348.114440790425,43,.6152575,676.65002
7223.656643771927,27,-.1904615,0
6454.39530326916,25,-.16600782,12
10726.06161604322,30,1.104591,59.599998
10741.52905925949,30,-.060309727,44.650002
14936.3360537082,23,.29385641,3.0999999
9350.983204797223,31,-.59208357,20.4
6925.857578740278,38,-1.4317893,0
4947.469226251395,40,.23616642,183.8
8333.581234007446,40,.24487677,275.5
7253.359669928163,26,-.45424953,9.1499996
3323.600939013183,35,-.13167502,118.16
4425.71104287218,36,-.25392923,95.300003
6662.182614278036,32,.69097382,1023.1
23348.61052747874,29,-.20223084,8.6000004
4623.87198979399,24,-.059563611,3.73
6282.459350523411,25,.3790015,0
4573.439986061903,43,.13836542,391.5
3929.186507615629,44,.27414557,401.29999
4995.930280930737,45,-.40709278,200.60001
7509.131800721468,46,-1.1104696,251.5
8792.174367417299,33,.59560227,3171.6499
12292.15622241937,34,.23457417,3175
17734.97191469978,35,.35158587,4522.54
16059.67254962981,36,.12718683,2750.55
7115.045332882549,31,1.2276254,543.09998
5794.599199656116,34,.77180797,755.90002
7950.409293084061,26,.32033238,0
11227.81894202184,27,-.32106414,0
15652.70842703313,28,-.54328281,1.4
20648.96945171668,29,-.61764157,1.8
8924.771772535762,25,-.37869087,14.8
6197.488683025075,33,.12974437,1474.4301
10600.10995823342,35,.58683336,893.711
10455.6183816056,36,.58276838,1698.301
17817.41178600691,35,-.66056085,199.73
7348.114440790425,43,-.70551825,13.625
4578.934316798181,25,-.28570861,17.57
6069.400736168857,28,.80514932,9.8999996
8078.251507723104,26,.98527515,0
4613.557060206814,33,.25259778,246.39999
6899.050659342356,34,.23058398,350.89999
6131.600791870454,41,-.74159002,30.6
10836.22745914131,42,-.82521254,50.299999
10767.61630179515,43,-1.5380405,18
32198.82844173,25,.12183277,235
15002.15859653705,24,-.36776957,12.4
8273.65090569876,25,-.80091286,201.3
10897.54865944444,26,-.93013334,180
2931.375639181162,24,-.75122684,103.81
5431.88045985332,23,1.5827874,12.5
7188.102038805569,42,.57222432,456.12
12957.9020526284,45,.79755169,831.19
6411.278816554736,25,.18394417,3.24
13042.84356138483,25,.20194316,2.9000001
4941.663627283196,23,.35078081,15.655
13951.09526076047,37,-.71877074,123.8
6803.744390874789,26,-1.1334101,0
9790.571806091821,27,-.47843799,1088
16754.29075437587,38,.4426361,777.40002
8353.196915963694,36,.14775476,91.5
7645.421574877392,32,-.44157979,524.45001
2115.516417023994,24,-.018331969,0
8493.665443719958,24,.11871151,13.14
11816.53999232001,25,-.013857227,0
18482.75584478888,26,.16921841,70.900002
6662.182614278037,33,-.46723822,764.5
9199.665884194752,34,-.40025178,470.29999
12549.99472721681,35,-.28319812,433.5
11945.6142350208,36,.57905489,457.23001
10642.6549829135,26,-.2059399,0
7449.69046690949,31,-.29273626,54.700001
7449.69046690949,28,-.040345471,49
10987.93771056298,31,-1.1772777,0
15496.96253185808,32,-.73696619,0
6197.488683025076,28,.65473467,1865.76
9530.217589757389,29,.29182628,1403.37
10600.10995823342,30,.14808914,1159.4
6592.057053966353,28,-.44785875,0
11007.0931515988,26,-.39030078,8
4479.240916789779,31,.068565883,291.85001
5582.040891333746,32,.13500668,289.04999
5053.009389546692,36,-.34475413,268.29999
7069.895202202401,36,-.38592038,274.60999
9653.63540573673,38,-.10085576,349.85001
12805.71881082944,38,-.021779979,324.89999
5165.88986395437,33,.38010547,707.12
5992.909446001308,38,-.08893913,944
11695.74036398706,44,-.37309417,26.5
19360.80217481621,26,-.13701251,321.5
12238.97201474523,30,.17861588,180.69
7250.054619099879,37,-.12822784,132.03
2850.686693098568,36,-.36630884,45.358002
15850.60951351061,29,-.60735351,10.065
10008.13148556913,25,-.068075471,17.549999
8410.144282644849,42,-.0017648563,985
9343.78104041151,27,.14689131,372.03
10056.18127307515,28,-.18258888,351.98999
7386.08821497428,29,-.15159817,347
8640.525985134473,30,-.32426906,359
17013.73239562568,23,-.44798586,0
22029.2442645909,24,-.67760068,0
31557.30590997374,23,.58656448,23
15952.1926618888,23,.33299163,3.5
7790.552675942197,43,-.19120272,29.290001
14405.07265861865,45,-.33842155,15
16988.62760593209,46,.15025598,142
6662.182614278036,30,.38229451,234.02
4503.062312703147,24,.27575663,187.30099
3052.267045761117,25,-.83051455,240.11501
8282.521095540907,31,.3875232,310.99301
11437.15673516227,32,.47655973,715.37299
22413.38953197227,34,.27062273,111.22
8386.368265349609,43,-.11140045,957.15997
19399.95375643252,27,-.7367366,5.5
4557.757234894596,34,-.84217918,43.200001
5781.854864690094,27,-.48305485,221.23
5781.854864690095,29,-.73997557,207.5
18646.72229635794,26,-.54145014,2.4000001
5428.623932313144,23,-.61794031,0
8870.097665819199,25,-.77901256,0
13582.49848260268,26,-.47501153,0
6446.206896860744,25,-1.1980588,0
9073.442516492387,26,-.70610946,0
8276.110693123734,23,-.52625352,29.6
4497.659021902208,41,-.082573481,219
6122.628260902055,43,-.28994086,132.10001
5284.478098309261,45,-1.3625746,1.4
6050.885321254362,24,-.52380025,22
7497.118733448409,35,-1.0470254,3965.27
8037.108332503075,24,-.51656288,13.8
12218.18628072374,25,-.49936375,25.75
4618.245161754368,26,1.120735,31.01
9892.553511884375,45,-.99285769,288.79999
20199.7524533614,27,-.70447016,2.5
4569.764229235762,25,-.3799879,23.16
2989.459186520217,23,-.11764754,2.25
19789.91126417536,23,.14935802,32.099998
28069.17800258386,24,.49605906,80.400002
3848.204783145342,42,-.56425989,30.700001
4767.503184497284,43,-1.4101286,70.199997
4865.828676972045,44,-1.3429395,45.862999
9492.035930660879,24,.0058237556,1.51
14184.72271109034,40,-.33356246,9.6099997
6680.102602901814,24,.27327546,3
6268.644660164302,23,-.62028342,114
4180.257834836796,33,-.33348802,84.080002
5718.576843360236,35,.45805627,317.57999
5942.261481549141,36,.14244804,231.58
5022.407692512314,37,.042305499,22.75
7336.827268749035,27,.46963891,220.61
7877.573410271812,29,.26172221,241.97
9284.78231261317,29,.29357848,268.53
19284.54928033908,27,-.91123921,0
9981.603455517516,23,.35613915,0
14889.22190563081,24,-.038166322,1.7
7163.862780282746,28,.0032319548,32.869999
